"","id","legisNames","party","year","icpsrst","district","incumb","numdvt","numrvt","numovt","statenm","stpost","fipsst","Office","CensusPop","Area","RedistrictedDate","RepCandidate","RepStatus","DemCandidate","DemStatus","ThirdParty","ThirdVotes","ThirdCandidate","ThirdStatus","PluralityVotes","PluralityParty","ThirdVotesTotalPercent","RaceNotes","dpvote","winner","numdvt_js","numrvt_js","numovt_js","handcorrected","y","x"
"YOUNG (R AK-1)","AK-1","YOUNG (R AK-1)","R",2016,NA,1,-1,111019,155088,NA,NA,"AK",NA,NA,NA,NA,NA,NA,NA,NA,NA,NA,NA,NA,NA,NA,NA,NA,NA,41.6,"Don Young",NA,NA,NA,NA,0.360653285070493,58.4
"BYRNE (R AL-1)","AL-1","BYRNE (R AL-1)","R",2016,NA,1,-1,0,208083,NA,NA,"AL",NA,NA,NA,NA,NA,NA,NA,NA,NA,NA,NA,NA,NA,NA,NA,NA,NA,34.9,"Bradley Byrne",NA,NA,NA,NA,1.16290808863537,65.1
"ROBY (R AL-2)","AL-2","ROBY (R AL-2)","R",2016,NA,2,-1,112089,134886,NA,NA,"AL",NA,NA,NA,NA,NA,NA,NA,NA,NA,NA,NA,NA,NA,NA,NA,NA,NA,33.7,"Martha Roby",NA,NA,NA,NA,0.949538906115023,66.3
"ROGERS (R AL-3)","AL-3","ROGERS (R AL-3)","R",2016,NA,3,-1,94549,192164,NA,NA,"AL",NA,NA,NA,NA,NA,NA,NA,NA,NA,NA,NA,NA,NA,NA,NA,NA,NA,33.1,"Mike Rogers",NA,NA,NA,NA,0.415508470417228,66.9
"ADERHOLT (R AL-4)","AL-4","ADERHOLT (R AL-4)","R",2016,NA,4,-1,0,235925,NA,NA,"AL",NA,NA,NA,NA,NA,NA,NA,NA,NA,NA,NA,NA,NA,NA,NA,NA,NA,17.8,"Robert Aderholt",NA,NA,NA,NA,0.567588948515367,82.2
"BROOKS (R AL-5)","AL-5","BROOKS (R AL-5)","R",2016,NA,5,-1,102234,205647,NA,NA,"AL",NA,NA,NA,NA,NA,NA,NA,NA,NA,NA,NA,NA,NA,NA,NA,NA,NA,32.6,"Mo Brooks",NA,NA,NA,NA,0.497777390443789,67.4
"PALMER (R AL-6)","AL-6","PALMER (R AL-6)","R",2016,NA,6,-1,83709,245313,NA,NA,"AL",NA,NA,NA,NA,NA,NA,NA,NA,NA,NA,NA,NA,NA,NA,NA,NA,NA,26.9,"Gary Palmer",NA,NA,NA,NA,1.14816302303208,73.1
"SEWELL (D AL-7)","AL-7","SEWELL (D AL-7)","D",2016,NA,7,1,229330,0,NA,NA,"AL",NA,NA,NA,NA,NA,NA,NA,NA,NA,NA,NA,NA,NA,NA,NA,NA,NA,70.9,"Terri Sewell",NA,NA,NA,NA,-1.13364029754116,29.1
"CRAWFORD (R AR-1)","AR-1","CRAWFORD (R AR-1)","R",2016,NA,1,-1,0,183866,NA,NA,"AR",NA,NA,NA,NA,NA,NA,NA,NA,NA,NA,NA,NA,NA,NA,NA,NA,NA,31.7,"Rick Crawford",NA,NA,NA,NA,1.03426741752675,68.3
"HILL (R AR-2)","AR-2","HILL (R AR-2)","R",2016,NA,2,-1,111347,176472,NA,NA,"AR",NA,NA,NA,NA,NA,NA,NA,NA,NA,NA,NA,NA,NA,NA,NA,NA,NA,44.3,"French Hill",NA,NA,NA,NA,0.652034213804653,55.7
"WOMACK (R AR-3)","AR-3","WOMACK (R AR-3)","R",2016,NA,3,-1,0,217192,NA,NA,"AR",NA,NA,NA,NA,NA,NA,NA,NA,NA,NA,NA,NA,NA,NA,NA,NA,NA,33,"Steve Womack",NA,NA,NA,NA,0.947690926820842,67
"WESTERMAN (R AR-4)","AR-4","WESTERMAN (R AR-4)","R",2016,NA,4,-1,0,182885,NA,NA,"AR",NA,NA,NA,NA,NA,NA,NA,NA,NA,NA,NA,NA,NA,NA,NA,NA,NA,32.8,"Bruce Westerman",NA,NA,NA,NA,1.16991268454385,67.2
"O'HALLERAN (D AZ-1)","AZ-1","O'HALLERAN (D AZ-1)","D",2016,NA,1,NA,142219,121745,NA,NA,"AZ",NA,NA,NA,NA,NA,NA,NA,NA,NA,NA,NA,NA,NA,NA,NA,NA,NA,49.4,"Tom O'Halleran",NA,NA,NA,NA,-0.447086622778698,50.6
"MCSALLY (R AZ-2)","AZ-2","MCSALLY (R AZ-2)","R",2016,NA,2,-1,135873,179806,NA,NA,"AZ",NA,NA,NA,NA,NA,NA,NA,NA,NA,NA,NA,NA,NA,NA,NA,NA,NA,52.6,"Martha McSally",NA,NA,NA,NA,0.469028304447305,47.4
"GRIJALVA (D AZ-3)","AZ-3","GRIJALVA (D AZ-3)","D",2016,NA,3,1,148973,0,NA,NA,"AZ",NA,NA,NA,NA,NA,NA,NA,NA,NA,NA,NA,NA,NA,NA,NA,NA,NA,65.8,"Raul Grijalva",NA,NA,NA,NA,-1.69178582808113,34.2
"GOSAR (R AZ-4)","AZ-4","GOSAR (R AZ-4)","R",2016,NA,4,-1,81296,203487,NA,NA,"AZ",NA,NA,NA,NA,NA,NA,NA,NA,NA,NA,NA,NA,NA,NA,NA,NA,NA,28.9,"Paul Gosar",NA,NA,NA,NA,0.519090579310884,71.1
"BIGGS (R AZ-5)","AZ-5","BIGGS (R AZ-5)","R",2016,NA,5,-1,114940,205184,NA,NA,"AZ",NA,NA,NA,NA,NA,NA,NA,NA,NA,NA,NA,NA,NA,NA,NA,NA,NA,38.8,"Andy Biggs",NA,NA,NA,NA,0.510640731535827,61.2
"SCHWEIKERT (R AZ-6)","AZ-6","SCHWEIKERT (R AZ-6)","R",2016,NA,6,-1,122866,201578,NA,NA,"AZ",NA,NA,NA,NA,NA,NA,NA,NA,NA,NA,NA,NA,NA,NA,NA,NA,NA,44.7,"David Schweikert",NA,NA,NA,NA,0.963453107457998,55.3
"GALLEGO (D AZ-7)","AZ-7","GALLEGO (D AZ-7)","D",2016,NA,7,1,119465,39286,NA,NA,"AZ",NA,NA,NA,NA,NA,NA,NA,NA,NA,NA,NA,NA,NA,NA,NA,NA,NA,76.1,"Ruben Gallego",NA,NA,NA,NA,-0.988234064171953,23.9
"FRANKS (R AZ-8)","AZ-8","FRANKS (R AZ-8)","R",2016,NA,8,-1,0,204942,NA,NA,"AZ",NA,NA,NA,NA,NA,NA,NA,NA,NA,NA,NA,NA,NA,NA,NA,NA,NA,38.9,"Trent Franks",NA,NA,NA,NA,0.726749312335396,61.1
"SINEMA (D AZ-9)","AZ-9","SINEMA (D AZ-9)","D",2016,NA,9,1,169055,108350,NA,NA,"AZ",NA,NA,NA,NA,NA,NA,NA,NA,NA,NA,NA,NA,NA,NA,NA,NA,NA,58.8,"Kyrsten Sinema",NA,NA,NA,NA,-0.335290543238524,41.2
"LAMALFA (R CA-1)","CA-1","LAMALFA (R CA-1)","R",2016,NA,1,-1,128588,185448,NA,NA,"CA",NA,NA,NA,NA,NA,NA,NA,NA,NA,NA,NA,NA,NA,NA,NA,NA,NA,39.4,"Doug La Malfa",NA,NA,NA,NA,0.915169065139138,60.6
"DENHAM (R CA-10)","CA-10","DENHAM (R CA-10)","R",2016,NA,10,-1,116470,124671,NA,NA,"CA",NA,NA,NA,NA,NA,NA,NA,NA,NA,NA,NA,NA,NA,NA,NA,NA,NA,51.6,"Jeff Denham",NA,NA,NA,NA,0.498450361560582,48.4
"DESAULNIER (D CA-11)","CA-11","DESAULNIER (D CA-11)","D",2016,NA,11,1,214868,83341,NA,NA,"CA",NA,NA,NA,NA,NA,NA,NA,NA,NA,NA,NA,NA,NA,NA,NA,NA,NA,75.9,"Mark DeSaulnier",NA,NA,NA,NA,-2.23453476940562,24.1
"PELOSI (D CA-12)","CA-12","PELOSI (D CA-12)","D",2016,NA,12,1,274035,0,NA,NA,"CA",NA,NA,NA,NA,NA,NA,NA,NA,NA,NA,NA,NA,NA,NA,NA,NA,NA,90.8,"Nancy Pelosi",NA,NA,NA,NA,-1.33299645952066,9.2
"LEE (D CA-13)","CA-13","LEE (D CA-13)","D",2016,NA,13,1,293117,29754,NA,NA,"CA",NA,NA,NA,NA,NA,NA,NA,NA,NA,NA,NA,NA,NA,NA,NA,NA,NA,92.8,"Barbara Lee",NA,NA,NA,NA,-2.28482106303417,7.2
"SPEIER (D CA-14)","CA-14","SPEIER (D CA-14)","D",2016,NA,14,1,231630,54817,NA,NA,"CA",NA,NA,NA,NA,NA,NA,NA,NA,NA,NA,NA,NA,NA,NA,NA,NA,NA,80.9,"Jackie Speier",NA,NA,NA,NA,-0.972681937602728,19.1
"SWALWELL (D CA-15)","CA-15","SWALWELL (D CA-15)","D",2016,NA,15,1,198578,70619,NA,NA,"CA",NA,NA,NA,NA,NA,NA,NA,NA,NA,NA,NA,NA,NA,NA,NA,NA,NA,74.3,"Eric Swalwell",NA,NA,NA,NA,-0.764196923674134,25.7
"COSTA (D CA-16)","CA-16","COSTA (D CA-16)","D",2016,NA,16,1,97473,70483,NA,NA,"CA",NA,NA,NA,NA,NA,NA,NA,NA,NA,NA,NA,NA,NA,NA,NA,NA,NA,61.4,"Jim Costa",NA,NA,NA,NA,-0.346472582410755,38.6
"KHANNA (D CA-17)","CA-17","KHANNA (D CA-17)","D",2016,NA,17,NA,233192,0,NA,NA,"CA",NA,NA,NA,NA,NA,NA,NA,NA,NA,NA,NA,NA,NA,NA,NA,NA,NA,78.3,"Ro Khanna",NA,NA,NA,NA,-1.61884323395176,21.7
"ESHOO (D CA-18)","CA-18","ESHOO (D CA-18)","D",2016,NA,18,1,230460,93470,NA,NA,"CA",NA,NA,NA,NA,NA,NA,NA,NA,NA,NA,NA,NA,NA,NA,NA,NA,NA,78.4,"Anna Eshoo",NA,NA,NA,NA,-0.842940976607463,21.6
"LOFGREN (D CA-19)","CA-19","LOFGREN (D CA-19)","D",2016,NA,19,1,181802,64061,NA,NA,"CA",NA,NA,NA,NA,NA,NA,NA,NA,NA,NA,NA,NA,NA,NA,NA,NA,NA,77.2,"Zoe Lofgren",NA,NA,NA,NA,-0.877364993185343,22.8
"HUFFMAN (D CA-2)","CA-2","HUFFMAN (D CA-2)","D",2016,NA,2,1,254194,76572,NA,NA,"CA",NA,NA,NA,NA,NA,NA,NA,NA,NA,NA,NA,NA,NA,NA,NA,NA,NA,74.8,"Jared Huffman",NA,NA,NA,NA,-0.981056879716285,25.2
"PANETTA (D CA-20)","CA-20","PANETTA (D CA-20)","D",2016,NA,20,NA,180980,74811,NA,NA,"CA",NA,NA,NA,NA,NA,NA,NA,NA,NA,NA,NA,NA,NA,NA,NA,NA,NA,75.2,"Jimmy Panetta",NA,NA,NA,NA,-0.733118454218472,24.8
"VALADAO (R CA-21)","CA-21","VALADAO (R CA-21)","R",2016,NA,21,-1,57282,75126,NA,NA,"CA",NA,NA,NA,NA,NA,NA,NA,NA,NA,NA,NA,NA,NA,NA,NA,NA,NA,58.2,"David Valadao",NA,NA,NA,NA,0.665025400952211,41.8
"NUNES (R CA-22)","CA-22","NUNES (R CA-22)","R",2016,NA,22,-1,76211,158755,NA,NA,"CA",NA,NA,NA,NA,NA,NA,NA,NA,NA,NA,NA,NA,NA,NA,NA,NA,NA,45,"Devin Nunes",NA,NA,NA,NA,1.40519698571839,55
"MCCARTHY (R CA-23)","CA-23","MCCARTHY (R CA-23)","R",2016,NA,23,-1,74468,167116,NA,NA,"CA",NA,NA,NA,NA,NA,NA,NA,NA,NA,NA,NA,NA,NA,NA,NA,NA,NA,38.3,"Kevin McCarthy",NA,NA,NA,NA,1.14563608324434,61.7
"CARBAJAL (D CA-24)","CA-24","CARBAJAL (D CA-24)","D",2016,NA,24,NA,166034,144780,NA,NA,"CA",NA,NA,NA,NA,NA,NA,NA,NA,NA,NA,NA,NA,NA,NA,NA,NA,NA,60.8,"Salud Carbajal",NA,NA,NA,NA,-0.897842646475378,39.2
"KNIGHT (R CA-25)","CA-25","KNIGHT (R CA-25)","R",2016,NA,25,-1,122406,138755,NA,NA,"CA",NA,NA,NA,NA,NA,NA,NA,NA,NA,NA,NA,NA,NA,NA,NA,NA,NA,53.6,"Steve Knight",NA,NA,NA,NA,0.680892190091482,46.4
"BROWNLEY (D CA-26)","CA-26","BROWNLEY (D CA-26)","D",2016,NA,26,1,169248,111059,NA,NA,"CA",NA,NA,NA,NA,NA,NA,NA,NA,NA,NA,NA,NA,NA,NA,NA,NA,NA,61.7,"Julia Brownley",NA,NA,NA,NA,-0.737305658031355,38.3
"CHU (D CA-27)","CA-27","CHU (D CA-27)","D",2016,NA,27,1,168977,81655,NA,NA,"CA",NA,NA,NA,NA,NA,NA,NA,NA,NA,NA,NA,NA,NA,NA,NA,NA,NA,69.9,"Judy Chu",NA,NA,NA,NA,-1.31789724616648,30.1
"SCHIFF (D CA-28)","CA-28","SCHIFF (D CA-28)","D",2016,NA,28,1,210883,59526,NA,NA,"CA",NA,NA,NA,NA,NA,NA,NA,NA,NA,NA,NA,NA,NA,NA,NA,NA,NA,76.4,"Adam Schiff",NA,NA,NA,NA,-1.11133748852482,23.6
"CARDENAS (D CA-29)","CA-29","CARDENAS (D CA-29)","D",2016,NA,29,1,171824,0,NA,NA,"CA",NA,NA,NA,NA,NA,NA,NA,NA,NA,NA,NA,NA,NA,NA,NA,NA,NA,82.2,"Tony Cardenas",NA,NA,NA,NA,-0.837962417069511,17.8
"GARAMENDI (D CA-3)","CA-3","GARAMENDI (D CA-3)","D",2016,NA,3,1,152513,104453,NA,NA,"CA",NA,NA,NA,NA,NA,NA,NA,NA,NA,NA,NA,NA,NA,NA,NA,NA,NA,56.7,"John Garamendi",NA,NA,NA,NA,-0.903139062526587,43.3
"SHERMAN (D CA-30)","CA-30","SHERMAN (D CA-30)","D",2016,NA,30,1,205279,77325,NA,NA,"CA",NA,NA,NA,NA,NA,NA,NA,NA,NA,NA,NA,NA,NA,NA,NA,NA,NA,72.9,"Brad Sherman",NA,NA,NA,NA,-0.925985263127003,27.1
"AGUILAR (D CA-31)","CA-31","AGUILAR (D CA-31)","D",2016,NA,31,1,121070,94866,NA,NA,"CA",NA,NA,NA,NA,NA,NA,NA,NA,NA,NA,NA,NA,NA,NA,NA,NA,NA,61.2,"Pete Aguilar",NA,NA,NA,NA,-0.775150557818394,38.8
"NAPOLITANO (D CA-32)","CA-32","NAPOLITANO (D CA-32)","D",2016,NA,32,1,186646,0,NA,NA,"CA",NA,NA,NA,NA,NA,NA,NA,NA,NA,NA,NA,NA,NA,NA,NA,NA,NA,70.6,"Grace Napolitano",NA,NA,NA,NA,-1.11914648953101,29.4
"LIEU (D CA-33)","CA-33","LIEU (D CA-33)","D",2016,NA,33,1,219397,110822,NA,NA,"CA",NA,NA,NA,NA,NA,NA,NA,NA,NA,NA,NA,NA,NA,NA,NA,NA,NA,71.9,"Ted Lieu",NA,NA,NA,NA,-0.898302591990476,28.1
"BECERRA (D CA-34)","CA-34","BECERRA (D CA-34)","D",2016,NA,34,1,159156,0,NA,NA,"CA",NA,NA,NA,NA,NA,NA,NA,NA,NA,NA,NA,NA,NA,NA,NA,NA,NA,88.7,"Xavier Becerra",NA,NA,NA,NA,-1.17041721780061,11.3
"TORRES (D CA-35)","CA-35","TORRES (D CA-35)","D",2016,NA,35,1,124044,47309,NA,NA,"CA",NA,NA,NA,NA,NA,NA,NA,NA,NA,NA,NA,NA,NA,NA,NA,NA,NA,71.6,"Norma Torres",NA,NA,NA,NA,-0.910131619637835,28.4
"RUIZ (D CA-36)","CA-36","RUIZ (D CA-36)","D",2016,NA,36,1,144348,88269,NA,NA,"CA",NA,NA,NA,NA,NA,NA,NA,NA,NA,NA,NA,NA,NA,NA,NA,NA,NA,54.6,"Raul Ruiz",NA,NA,NA,NA,-0.680593283252935,45.4
"BASS (D CA-37)","CA-37","BASS (D CA-37)","D",2016,NA,37,1,237272,0,NA,NA,"CA",NA,NA,NA,NA,NA,NA,NA,NA,NA,NA,NA,NA,NA,NA,NA,NA,NA,89.9,"Karen Bass",NA,NA,NA,NA,-1.99816676722899,10.1
"SANCHEZ (D CA-38)","CA-38","SANCHEZ (D CA-38)","D",2016,NA,38,1,163590,68524,NA,NA,"CA",NA,NA,NA,NA,NA,NA,NA,NA,NA,NA,NA,NA,NA,NA,NA,NA,NA,71,"Linda Sanchez",NA,NA,NA,NA,-1.47233114045873,29
"ROYCE (R CA-39)","CA-39","ROYCE (R CA-39)","R",2016,NA,39,-1,112679,150777,NA,NA,"CA",NA,NA,NA,NA,NA,NA,NA,NA,NA,NA,NA,NA,NA,NA,NA,NA,NA,54.6,"Ed Royce",NA,NA,NA,NA,0.583959277707447,45.4
"MCCLINTOCK (R CA-4)","CA-4","MCCLINTOCK (R CA-4)","R",2016,NA,4,-1,130845,220133,NA,NA,"CA",NA,NA,NA,NA,NA,NA,NA,NA,NA,NA,NA,NA,NA,NA,NA,NA,NA,42.1,"Tom McClintock",NA,NA,NA,NA,0.484223429466203,57.9
"ROYBAL-ALLA (D CA-40)","CA-40","ROYBAL-ALLA (D CA-40)","D",2016,NA,40,1,106554,0,NA,NA,"CA",NA,NA,NA,NA,NA,NA,NA,NA,NA,NA,NA,NA,NA,NA,NA,NA,NA,86.5,"Lucille Roybal-Allard",NA,NA,NA,NA,-0.971723731984121,13.5
"TAKANO (D CA-41)","CA-41","TAKANO (D CA-41)","D",2016,NA,41,1,128164,69159,NA,NA,"CA",NA,NA,NA,NA,NA,NA,NA,NA,NA,NA,NA,NA,NA,NA,NA,NA,NA,64.8,"Mark Takano",NA,NA,NA,NA,-1.38634416467869,35.2
"CALVERT (R CA-42)","CA-42","CALVERT (R CA-42)","R",2016,NA,42,-1,104689,149547,NA,NA,"CA",NA,NA,NA,NA,NA,NA,NA,NA,NA,NA,NA,NA,NA,NA,NA,NA,NA,43.7,"Ken Calvert",NA,NA,NA,NA,1.00377868144593,56.3
"WATERS (D CA-43)","CA-43","WATERS (D CA-43)","D",2016,NA,43,1,167017,52499,NA,NA,"CA",NA,NA,NA,NA,NA,NA,NA,NA,NA,NA,NA,NA,NA,NA,NA,NA,NA,82.4,"Maxine Waters",NA,NA,NA,NA,-1.78195710390004,17.6
"BARRAGAN (D CA-44)","CA-44","BARRAGAN (D CA-44)","D",2016,NA,44,NA,178413,0,NA,NA,"CA",NA,NA,NA,NA,NA,NA,NA,NA,NA,NA,NA,NA,NA,NA,NA,NA,NA,87.1,"Nanette Barragan",NA,NA,NA,NA,-1.38367916981158,12.9
"WALTERS (R CA-45)","CA-45","WALTERS (R CA-45)","R",2016,NA,45,-1,129231,182618,NA,NA,"CA",NA,NA,NA,NA,NA,NA,NA,NA,NA,NA,NA,NA,NA,NA,NA,NA,NA,52.9,"Mimi Walters",NA,NA,NA,NA,0.943149031593271,47.1
"CORREA (D CA-46)","CA-46","CORREA (D CA-46)","D",2016,NA,46,NA,164593,0,NA,NA,"CA",NA,NA,NA,NA,NA,NA,NA,NA,NA,NA,NA,NA,NA,NA,NA,NA,NA,70.4,"Lou Correa",NA,NA,NA,NA,-0.575612264377371,29.6
"LOWENTHAL (D CA-47)","CA-47","LOWENTHAL (D CA-47)","D",2016,NA,47,1,154759,88109,NA,NA,"CA",NA,NA,NA,NA,NA,NA,NA,NA,NA,NA,NA,NA,NA,NA,NA,NA,NA,66.9,"Alan Lowenthal",NA,NA,NA,NA,-1.30700304449196,33.1
"ROHRABACHER (R CA-48)","CA-48","ROHRABACHER (R CA-48)","R",2016,NA,48,-1,127715,178701,NA,NA,"CA",NA,NA,NA,NA,NA,NA,NA,NA,NA,NA,NA,NA,NA,NA,NA,NA,NA,50.9,"Dana Rohrabacher",NA,NA,NA,NA,0.358696957980024,49.1
"ISSA (R CA-49)","CA-49","ISSA (R CA-49)","R",2016,NA,49,-1,154267,155888,NA,NA,"CA",NA,NA,NA,NA,NA,NA,NA,NA,NA,NA,NA,NA,NA,NA,NA,NA,NA,54,"Darrell Issa",NA,NA,NA,NA,0.809642911487716,46
"THOMPSON (D CA-5)","CA-5","THOMPSON (D CA-5)","D",2016,NA,5,1,224526,67565,NA,NA,"CA",NA,NA,NA,NA,NA,NA,NA,NA,NA,NA,NA,NA,NA,NA,NA,NA,NA,74,"Mike Thompson",NA,NA,NA,NA,-0.819213275400015,26
"HUNTER (R CA-50)","CA-50","HUNTER (R CA-50)","R",2016,NA,50,-1,103646,179937,NA,NA,"CA",NA,NA,NA,NA,NA,NA,NA,NA,NA,NA,NA,NA,NA,NA,NA,NA,NA,42,"Duncan D. Hunter",NA,NA,NA,NA,1.40223157056232,58
"VARGAS (D CA-51)","CA-51","VARGAS (D CA-51)","D",2016,NA,51,1,145162,54362,NA,NA,"CA",NA,NA,NA,NA,NA,NA,NA,NA,NA,NA,NA,NA,NA,NA,NA,NA,NA,75.9,"Juan Vargas",NA,NA,NA,NA,-1.03043215352539,24.1
"PETERS (D CA-52)","CA-52","PETERS (D CA-52)","D",2016,NA,52,1,181253,139403,NA,NA,"CA",NA,NA,NA,NA,NA,NA,NA,NA,NA,NA,NA,NA,NA,NA,NA,NA,NA,62,"Scott Peters",NA,NA,NA,NA,-0.477602211789477,38
"DAVIS (D CA-53)","CA-53","DAVIS (D CA-53)","D",2016,NA,53,1,198988,97968,NA,NA,"CA",NA,NA,NA,NA,NA,NA,NA,NA,NA,NA,NA,NA,NA,NA,NA,NA,NA,68.5,"Susan Davis",NA,NA,NA,NA,-0.919452193499537,31.5
"MATSUI (D CA-6)","CA-6","MATSUI (D CA-6)","D",2016,NA,6,1,177565,57848,NA,NA,"CA",NA,NA,NA,NA,NA,NA,NA,NA,NA,NA,NA,NA,NA,NA,NA,NA,NA,73.9,"Doris Matsui",NA,NA,NA,NA,-0.869648641544313,26.1
"BERA (D CA-7)","CA-7","BERA (D CA-7)","D",2016,NA,7,1,152133,145168,NA,NA,"CA",NA,NA,NA,NA,NA,NA,NA,NA,NA,NA,NA,NA,NA,NA,NA,NA,NA,56.1,"Ami Bera",NA,NA,NA,NA,-0.613946848478101,43.9
"COOK (R CA-8)","CA-8","COOK (R CA-8)","R",2016,NA,8,-1,83035,136972,NA,NA,"CA",NA,NA,NA,NA,NA,NA,NA,NA,NA,NA,NA,NA,NA,NA,NA,NA,NA,42,"Paul Cook",NA,NA,NA,NA,1.06355283205052,58
"MCNERNEY (D CA-9)","CA-9","MCNERNEY (D CA-9)","D",2016,NA,9,1,133163,98992,NA,NA,"CA",NA,NA,NA,NA,NA,NA,NA,NA,NA,NA,NA,NA,NA,NA,NA,NA,NA,59.8,"Jerry McNerney",NA,NA,NA,NA,-0.919693311756914,40.2
"DEGETTE (D CO-1)","CO-1","DEGETTE (D CO-1)","D",2016,NA,1,1,257254,105030,NA,NA,"CO",NA,NA,NA,NA,NA,NA,NA,NA,NA,NA,NA,NA,NA,NA,NA,NA,NA,74.8,"Diana DeGette",NA,NA,NA,NA,-1.14879947824577,25.2
"POLIS (D CO-2)","CO-2","POLIS (D CO-2)","D",2016,NA,2,1,260175,170001,NA,NA,"CO",NA,NA,NA,NA,NA,NA,NA,NA,NA,NA,NA,NA,NA,NA,NA,NA,NA,61.7,"Jared Polis",NA,NA,NA,NA,-0.775781071189382,38.3
"TIPTON (R CO-3)","CO-3","TIPTON (R CO-3)","R",2016,NA,3,-1,150914,204220,NA,NA,"CO",NA,NA,NA,NA,NA,NA,NA,NA,NA,NA,NA,NA,NA,NA,NA,NA,NA,43.5,"Scott Tipton",NA,NA,NA,NA,0.417893073304336,56.5
"BUCK (R CO-4)","CO-4","BUCK (R CO-4)","R",2016,NA,4,-1,123642,248155,NA,NA,"CO",NA,NA,NA,NA,NA,NA,NA,NA,NA,NA,NA,NA,NA,NA,NA,NA,NA,37.4,"Ken Buck",NA,NA,NA,NA,0.928588822975877,62.6
"LAMBORN (R CO-5)","CO-5","LAMBORN (R CO-5)","R",2016,NA,5,-1,111676,225445,NA,NA,"CO",NA,NA,NA,NA,NA,NA,NA,NA,NA,NA,NA,NA,NA,NA,NA,NA,NA,36.7,"Doug Lamborn",NA,NA,NA,NA,1.05013965316609,63.3
"COFFMAN (R CO-6)","CO-6","COFFMAN (R CO-6)","R",2016,NA,6,-1,160372,191626,NA,NA,"CO",NA,NA,NA,NA,NA,NA,NA,NA,NA,NA,NA,NA,NA,NA,NA,NA,NA,54.9,"Mike Coffman",NA,NA,NA,NA,0.436143711312484,45.1
"PERLMUTTER (D CO-7)","CO-7","PERLMUTTER (D CO-7)","D",2016,NA,7,1,199758,144066,NA,NA,"CO",NA,NA,NA,NA,NA,NA,NA,NA,NA,NA,NA,NA,NA,NA,NA,NA,NA,56.6,"Ed Perlmutter",NA,NA,NA,NA,-0.674816103389215,43.4
"LARSON (D CT-1)","CT-1","LARSON (D CT-1)","D",2016,NA,1,1,200686,105674,NA,NA,"CT",NA,NA,NA,NA,NA,NA,NA,NA,NA,NA,NA,NA,NA,NA,NA,NA,NA,62.1,"John Larson",NA,NA,NA,NA,-0.878734455622973,37.9
"COURTNEY (D CT-2)","CT-2","COURTNEY (D CT-2)","D",2016,NA,2,1,208818,111149,NA,NA,"CT",NA,NA,NA,NA,NA,NA,NA,NA,NA,NA,NA,NA,NA,NA,NA,NA,NA,51.5,"Joe Courtney",NA,NA,NA,NA,-0.779387789999587,48.5
"DELAURO (D CT-3)","CT-3","DELAURO (D CT-3)","D",2016,NA,3,1,213572,95786,NA,NA,"CT",NA,NA,NA,NA,NA,NA,NA,NA,NA,NA,NA,NA,NA,NA,NA,NA,NA,58,"Rosa DeLauro",NA,NA,NA,NA,-1.11093129149145,42
"HIMES (D CT-4)","CT-4","HIMES (D CT-4)","D",2016,NA,4,1,187811,125724,NA,NA,"CT",NA,NA,NA,NA,NA,NA,NA,NA,NA,NA,NA,NA,NA,NA,NA,NA,NA,62,"Jim Himes",NA,NA,NA,NA,-0.637591751653973,38
"ESTY (D CT-5)","CT-5","ESTY (D CT-5)","D",2016,NA,5,1,179252,129801,NA,NA,"CT",NA,NA,NA,NA,NA,NA,NA,NA,NA,NA,NA,NA,NA,NA,NA,NA,NA,52.1,"Elizabeth Etsy",NA,NA,NA,NA,-0.768939083473951,47.9
"BLUNT (D DE-1)","DE-1","BLUNT (D DE-1)","D",2016,NA,1,NA,233554,172301,NA,NA,"DE",NA,NA,NA,NA,NA,NA,NA,NA,NA,NA,NA,NA,NA,NA,NA,NA,NA,56,"Lisa Blunt Rochester",NA,NA,NA,NA,-0.959468141955653,44
"GAETZ (R FL-1)","FL-1","GAETZ (R FL-1)","R",2016,NA,1,0,114079,255107,NA,NA,"FL",NA,NA,NA,NA,NA,NA,NA,NA,NA,NA,NA,NA,NA,NA,NA,NA,NA,29.5,"Matt Gaetz",NA,NA,NA,NA,0.537866957712614,70.5
"DEMINGS (D FL-10)","FL-10","DEMINGS (D FL-10)","D",2016,NA,10,0,198491,107498,NA,NA,"FL",NA,NA,NA,NA,NA,NA,NA,NA,NA,NA,NA,NA,NA,NA,NA,NA,NA,63.9,"Val Demings",NA,NA,NA,NA,-0.895644385884668,36.1
"WEBSTER (R FL-11)","FL-11","WEBSTER (R FL-11)","R",2016,NA,11,-1,124713,258016,NA,NA,"FL",NA,NA,NA,NA,NA,NA,NA,NA,NA,NA,NA,NA,NA,NA,NA,NA,NA,33.4,"Dan Webster",NA,NA,NA,NA,0.664025872967231,66.6
"BILIRAKIS (R FL-12)","FL-12","BILIRAKIS (R FL-12)","R",2016,NA,12,-1,116110,253559,NA,NA,"FL",NA,NA,NA,NA,NA,NA,NA,NA,NA,NA,NA,NA,NA,NA,NA,NA,NA,40.3,"Gus Bilirakis",NA,NA,NA,NA,1.28330413410256,59.7
"CRIST (D FL-13)","FL-13","CRIST (D FL-13)","D",2016,NA,13,-1,184693,171149,NA,NA,"FL",NA,NA,NA,NA,NA,NA,NA,NA,NA,NA,NA,NA,NA,NA,NA,NA,NA,51.7,"Charlie Crist",NA,NA,NA,NA,-0.521739299925804,48.3
"CASTOR (D FL-14)","FL-14","CASTOR (D FL-14)","D",2016,NA,14,1,195789,121088,NA,NA,"FL",NA,NA,NA,NA,NA,NA,NA,NA,NA,NA,NA,NA,NA,NA,NA,NA,NA,59.5,"Kathy Castor",NA,NA,NA,NA,-1.01885927633053,40.5
"ROSS (R FL-15)","FL-15","ROSS (R FL-15)","R",2016,NA,15,-1,135475,182999,NA,NA,"FL",NA,NA,NA,NA,NA,NA,NA,NA,NA,NA,NA,NA,NA,NA,NA,NA,NA,44.8,"Dennis Ross",NA,NA,NA,NA,1.11241477009709,55.2
"BUCHANAN (R FL-16)","FL-16","BUCHANAN (R FL-16)","R",2016,NA,16,-1,155262,230654,NA,NA,"FL",NA,NA,NA,NA,NA,NA,NA,NA,NA,NA,NA,NA,NA,NA,NA,NA,NA,44.5,"Vern Buchanan",NA,NA,NA,NA,0.873594238532154,55.5
"ROONEY (R FL-17)","FL-17","ROONEY (R FL-17)","R",2016,NA,17,-1,115974,209348,NA,NA,"FL",NA,NA,NA,NA,NA,NA,NA,NA,NA,NA,NA,NA,NA,NA,NA,NA,NA,36,"Tom Rooney",NA,NA,NA,NA,0.604420863642157,64
"MAST (R FL-18)","FL-18","MAST (R FL-18)","R",2016,NA,18,0,161918,201488,NA,NA,"FL",NA,NA,NA,NA,NA,NA,NA,NA,NA,NA,NA,NA,NA,NA,NA,NA,NA,45.3,"Brian Mast",NA,NA,NA,NA,0.553702404636,54.7
"ROONEY (R FL-19)","FL-19","ROONEY (R FL-19)","R",2016,NA,19,0,123812,239225,NA,NA,"FL",NA,NA,NA,NA,NA,NA,NA,NA,NA,NA,NA,NA,NA,NA,NA,NA,NA,38.6,"Francis Rooney",NA,NA,NA,NA,1.11505748193808,61.4
"DUNN (R FL-2)","FL-2","DUNN (R FL-2)","R",2016,NA,2,0,102801,231163,NA,NA,"FL",NA,NA,NA,NA,NA,NA,NA,NA,NA,NA,NA,NA,NA,NA,NA,NA,NA,31.6,"Neal Dunn",NA,NA,NA,NA,1.09655690009045,68.4
"HASTINGS (D FL-20)","FL-20","HASTINGS (D FL-20)","D",2016,NA,20,1,222914,54646,NA,NA,"FL",NA,NA,NA,NA,NA,NA,NA,NA,NA,NA,NA,NA,NA,NA,NA,NA,NA,81.6,"Alcee Hastings",NA,NA,NA,NA,-1.65295160123986,18.4
"FRANKEL (D FL-21)","FL-21","FRANKEL (D FL-21)","D",2016,NA,21,1,210606,118038,NA,NA,"FL",NA,NA,NA,NA,NA,NA,NA,NA,NA,NA,NA,NA,NA,NA,NA,NA,NA,60,"Lois Frankel",NA,NA,NA,NA,-1.18601594349209,40
"DEUTCH (D FL-22)","FL-22","DEUTCH (D FL-22)","D",2016,NA,22,1,199113,138737,NA,NA,"FL",NA,NA,NA,NA,NA,NA,NA,NA,NA,NA,NA,NA,NA,NA,NA,NA,NA,58.1,"Ted Deutch",NA,NA,NA,NA,-0.991456137065813,41.9
"WASSERMAN (D FL-23)","FL-23","WASSERMAN (D FL-23)","D",2016,NA,23,1,183225,130818,NA,NA,"FL",NA,NA,NA,NA,NA,NA,NA,NA,NA,NA,NA,NA,NA,NA,NA,NA,NA,63.4,"Debbie Wasserman Schultz",NA,NA,NA,NA,-1.10773894896717,36.6
"WILSON (D FL-24)","FL-24","WILSON (D FL-24)","D",2016,NA,24,1,0,0,NA,NA,"FL",NA,NA,NA,NA,NA,NA,NA,NA,NA,NA,NA,NA,NA,NA,NA,NA,NA,84.4,"Frederica Wilson",NA,NA,NA,NA,-1.42031870097561,15.6
"DIAZ-BALART (R FL-25)","FL-25","DIAZ-BALART (R FL-25)","R",2016,NA,25,-1,95319,157921,NA,NA,"FL",NA,NA,NA,NA,NA,NA,NA,NA,NA,NA,NA,NA,NA,NA,NA,NA,NA,49.1,"Mario Diaz-Balart",NA,NA,NA,NA,0.294920132920244,50.9
"CURBELO (R FL-26)","FL-26","CURBELO (R FL-26)","R",2016,NA,26,-1,115493,148547,NA,NA,"FL",NA,NA,NA,NA,NA,NA,NA,NA,NA,NA,NA,NA,NA,NA,NA,NA,NA,58.3,"Carlos Curbelo",NA,NA,NA,NA,0.164724706409665,41.7
"ROS-LEHTINE (R FL-27)","FL-27","ROS-LEHTINE (R FL-27)","R",2016,NA,27,-1,129760,157917,NA,NA,"FL",NA,NA,NA,NA,NA,NA,NA,NA,NA,NA,NA,NA,NA,NA,NA,NA,NA,60.1,"Ileana Ros-Lehtinen",NA,NA,NA,NA,0.13619227461152,39.9
"YOHO (R FL-3)","FL-3","YOHO (R FL-3)","R",2016,NA,3,-1,136338,193843,NA,NA,"FL",NA,NA,NA,NA,NA,NA,NA,NA,NA,NA,NA,NA,NA,NA,NA,NA,NA,41.7,"Ted Yoho",NA,NA,NA,NA,1.05760067914343,58.3
"RUTHERFORD (R FL-4)","FL-4","RUTHERFORD (R FL-4)","R",2016,NA,4,0,113088,287509,NA,NA,"FL",NA,NA,NA,NA,NA,NA,NA,NA,NA,NA,NA,NA,NA,NA,NA,NA,NA,35.4,"John Rutherford",NA,NA,NA,NA,0.898505174464009,64.6
"LAWSON (D FL-5)","FL-5","LAWSON (D FL-5)","D",2016,NA,5,0,194549,108325,NA,NA,"FL",NA,NA,NA,NA,NA,NA,NA,NA,NA,NA,NA,NA,NA,NA,NA,NA,NA,63.1,"Al Lawson",NA,NA,NA,NA,-0.604547607530222,36.9
"DESANTIS (R FL-6)","FL-6","DESANTIS (R FL-6)","R",2016,NA,6,-1,151051,213519,NA,NA,"FL",NA,NA,NA,NA,NA,NA,NA,NA,NA,NA,NA,NA,NA,NA,NA,NA,NA,41.2,"Ron DeSantis",NA,NA,NA,NA,0.714832947265356,58.8
"MURPHY (D FL-7)","FL-7","MURPHY (D FL-7)","D",2016,NA,7,-1,182039,171583,NA,NA,"FL",NA,NA,NA,NA,NA,NA,NA,NA,NA,NA,NA,NA,NA,NA,NA,NA,NA,53.8,"Stephanie Murphy",NA,NA,NA,NA,-0.484956651476808,46.2
"POSEY (R FL-8)","FL-8","POSEY (R FL-8)","R",2016,NA,8,-1,127127,246483,NA,NA,"FL",NA,NA,NA,NA,NA,NA,NA,NA,NA,NA,NA,NA,NA,NA,NA,NA,NA,39.2,"Bill Posey",NA,NA,NA,NA,0.400944570325256,60.8
"SOTO (D FL-9)","FL-9","SOTO (D FL-9)","D",2016,NA,9,0,195311,144450,NA,NA,"FL",NA,NA,NA,NA,NA,NA,NA,NA,NA,NA,NA,NA,NA,NA,NA,NA,NA,56.7,"Darren Soto",NA,NA,NA,NA,-0.835640725892302,43.3
"CARTER (R GA-1)","GA-1","CARTER (R GA-1)","R",2016,NA,1,-1,0,210243,NA,NA,"GA",NA,NA,NA,NA,NA,NA,NA,NA,NA,NA,NA,NA,NA,NA,NA,NA,NA,42,"Buddy Carter",NA,NA,NA,NA,0.733383462753573,58
"HICE (R GA-10)","GA-10","HICE (R GA-10)","R",2016,NA,10,-1,0,243725,NA,NA,"GA",NA,NA,NA,NA,NA,NA,NA,NA,NA,NA,NA,NA,NA,NA,NA,NA,NA,36.9,"Jody Hice",NA,NA,NA,NA,0.86744589585429,63.1
"LOUDERMILK (R GA-11)","GA-11","LOUDERMILK (R GA-11)","R",2016,NA,11,-1,105383,217935,NA,NA,"GA",NA,NA,NA,NA,NA,NA,NA,NA,NA,NA,NA,NA,NA,NA,NA,NA,NA,36.9,"Barry Loudermilk",NA,NA,NA,NA,1.05524271209937,63.1
"ALLEN (R GA-12)","GA-12","ALLEN (R GA-12)","R",2016,NA,12,-1,99420,159492,NA,NA,"GA",NA,NA,NA,NA,NA,NA,NA,NA,NA,NA,NA,NA,NA,NA,NA,NA,NA,41.7,"Rick Allen",NA,NA,NA,NA,1.25393325217505,58.3
"SCOTT (D GA-13)","GA-13","SCOTT (D GA-13)","D",2016,NA,13,1,252833,0,NA,NA,"GA",NA,NA,NA,NA,NA,NA,NA,NA,NA,NA,NA,NA,NA,NA,NA,NA,NA,72.7,"David Scott",NA,NA,NA,NA,-0.732123316382201,27.3
"GRAVES (R GA-14)","GA-14","GRAVES (R GA-14)","R",2016,NA,14,-1,0,216743,NA,NA,"GA",NA,NA,NA,NA,NA,NA,NA,NA,NA,NA,NA,NA,NA,NA,NA,NA,NA,22.8,"Tom Graves",NA,NA,NA,NA,0.59470165136833,77.2
"BISHOP (D GA-2)","GA-2","BISHOP (D GA-2)","D",2016,NA,2,1,148543,94056,NA,NA,"GA",NA,NA,NA,NA,NA,NA,NA,NA,NA,NA,NA,NA,NA,NA,NA,NA,NA,56,"Sanford Bishop",NA,NA,NA,NA,-0.616622403275279,44
"FERGUSON (R GA-3)","GA-3","FERGUSON (R GA-3)","R",2016,NA,3,-1,95969,207218,NA,NA,"GA",NA,NA,NA,NA,NA,NA,NA,NA,NA,NA,NA,NA,NA,NA,NA,NA,NA,33.8,"Drew Ferguson",NA,NA,NA,NA,1.51888469935833,66.2
"JOHNSON (D GA-4)","GA-4","JOHNSON (D GA-4)","D",2016,NA,4,1,220146,70593,NA,NA,"GA",NA,NA,NA,NA,NA,NA,NA,NA,NA,NA,NA,NA,NA,NA,NA,NA,NA,77.2,"Hank Johnson",NA,NA,NA,NA,-0.959535106001734,22.8
"LEWIS (D GA-5)","GA-5","LEWIS (D GA-5)","D",2016,NA,5,1,253781,46768,NA,NA,"GA",NA,NA,NA,NA,NA,NA,NA,NA,NA,NA,NA,NA,NA,NA,NA,NA,NA,87.7,"John Lewis",NA,NA,NA,NA,-2.13082708358012,12.3
"HANDEL (R GA-6)","GA-6","HANDEL (R GA-6)","R",2016,NA,6,-1,124917,201088,NA,NA,"GA",NA,NA,NA,NA,NA,NA,NA,NA,NA,NA,NA,NA,NA,NA,NA,NA,NA,49.2,"Tom Price",NA,NA,NA,NA,0.762363575221867,50.8
"WOODALL (R GA-7)","GA-7","WOODALL (R GA-7)","R",2016,NA,7,-1,114220,174081,NA,NA,"GA",NA,NA,NA,NA,NA,NA,NA,NA,NA,NA,NA,NA,NA,NA,NA,NA,NA,46.7,"Rob Woodall",NA,NA,NA,NA,0.663209455158303,53.3
"SCOTT (R GA-8)","GA-8","SCOTT (R GA-8)","R",2016,NA,8,-1,83225,173983,NA,NA,"GA",NA,NA,NA,NA,NA,NA,NA,NA,NA,NA,NA,NA,NA,NA,NA,NA,NA,35.2,"Austin Scott",NA,NA,NA,NA,1.73733793920193,64.8
"COLLINS (R GA-9)","GA-9","COLLINS (R GA-9)","R",2016,NA,9,-1,0,256535,NA,NA,"GA",NA,NA,NA,NA,NA,NA,NA,NA,NA,NA,NA,NA,NA,NA,NA,NA,NA,19.9,"Doug Collins",NA,NA,NA,NA,0.645394562183534,80.1
"HANABUSA (D HI-1)","HI-1","HANABUSA (D HI-1)","D",2016,NA,1,NA,145417,45958,NA,NA,"HI",NA,NA,NA,NA,NA,NA,NA,NA,NA,NA,NA,NA,NA,NA,NA,NA,NA,67.4,"Colleen Hanabusa",NA,NA,NA,NA,-1.3018476081984,32.6
"GABBARD (D HI-2)","HI-2","GABBARD (D HI-2)","D",2016,NA,2,1,170848,39668,NA,NA,"HI",NA,NA,NA,NA,NA,NA,NA,NA,NA,NA,NA,NA,NA,NA,NA,NA,NA,67.5,"Tulsi Gabbard",NA,NA,NA,NA,-0.750649162235153,32.5
"BLUM (R IA-1)","IA-1","BLUM (R IA-1)","R",2016,NA,1,-1,177403,206903,NA,NA,"IA",NA,NA,NA,NA,NA,NA,NA,NA,NA,NA,NA,NA,NA,NA,NA,NA,NA,48.1,"Rod Blum",NA,NA,NA,NA,0.250349253223049,51.9
"LOEBSACK (D IA-2)","IA-2","LOEBSACK (D IA-2)","D",2016,NA,2,1,198571,170933,NA,NA,"IA",NA,NA,NA,NA,NA,NA,NA,NA,NA,NA,NA,NA,NA,NA,NA,NA,NA,47.8,"Dave Loebsack",NA,NA,NA,NA,-0.673921988584799,52.2
"YOUNG (R IA-3)","IA-3","YOUNG (R IA-3)","R",2016,NA,3,-1,155002,208598,NA,NA,"IA",NA,NA,NA,NA,NA,NA,NA,NA,NA,NA,NA,NA,NA,NA,NA,NA,NA,48.1,"David Young",NA,NA,NA,NA,0.387536935918337,51.9
"KING (R IA-4)","IA-4","KING (R IA-4)","R",2016,NA,4,-1,142993,226719,NA,NA,"IA",NA,NA,NA,NA,NA,NA,NA,NA,NA,NA,NA,NA,NA,NA,NA,NA,NA,35.5,"Steve King",NA,NA,NA,NA,1.52428162869277,64.5
"LABRADOR (R ID-1)","ID-1","LABRADOR (R ID-1)","R",2016,NA,1,-1,113052,242252,NA,NA,"ID",NA,NA,NA,NA,NA,NA,NA,NA,NA,NA,NA,NA,NA,NA,NA,NA,NA,28.5,"Raul Labrador",NA,NA,NA,NA,0.496202283562185,71.5
"SIMPSON (R ID-2)","ID-2","SIMPSON (R ID-2)","R",2016,NA,2,-1,95940,205292,NA,NA,"ID",NA,NA,NA,NA,NA,NA,NA,NA,NA,NA,NA,NA,NA,NA,NA,NA,NA,35.3,"Mike Simpson",NA,NA,NA,NA,1.03181792386864,64.7
"RUSH (D IL-1)","IL-1","RUSH (D IL-1)","D",2016,NA,1,1,234037,81817,NA,NA,"IL",NA,NA,NA,NA,NA,NA,NA,NA,NA,NA,NA,NA,NA,NA,NA,NA,NA,77.9,"Bobby Rush",NA,NA,NA,NA,-1.14827892172723,22.1
"SCHNEIDER (D IL-10)","IL-10","SCHNEIDER (D IL-10)","D",2016,NA,10,-1,150435,135535,NA,NA,"IL",NA,NA,NA,NA,NA,NA,NA,NA,NA,NA,NA,NA,NA,NA,NA,NA,NA,65.5,"Brad Schneider",NA,NA,NA,NA,-0.51983853537806,34.5
"FOSTER (D IL-11)","IL-11","FOSTER (D IL-11)","D",2016,NA,11,1,166578,108995,NA,NA,"IL",NA,NA,NA,NA,NA,NA,NA,NA,NA,NA,NA,NA,NA,NA,NA,NA,NA,62.5,"Bill Foster",NA,NA,NA,NA,-0.836136455478846,37.5
"BOST (R IL-12)","IL-12","BOST (R IL-12)","R",2016,NA,12,-1,124246,169976,NA,NA,"IL",NA,NA,NA,NA,NA,NA,NA,NA,NA,NA,NA,NA,NA,NA,NA,NA,NA,42.2,"Mike Bost",NA,NA,NA,NA,0.62442837694208,57.8
"DAVIS (R IL-13)","IL-13","DAVIS (R IL-13)","R",2016,NA,13,-1,126811,187583,NA,NA,"IL",NA,NA,NA,NA,NA,NA,NA,NA,NA,NA,NA,NA,NA,NA,NA,NA,NA,47.1,"Rodney Davis",NA,NA,NA,NA,0.481837274532028,52.9
"HULTGREN (R IL-14)","IL-14","HULTGREN (R IL-14)","R",2016,NA,14,-1,137589,200508,NA,NA,"IL",NA,NA,NA,NA,NA,NA,NA,NA,NA,NA,NA,NA,NA,NA,NA,NA,NA,47.9,"Randy Hultgren",NA,NA,NA,NA,1.18541656688155,52.1
"SHIMKUS (R IL-15)","IL-15","SHIMKUS (R IL-15)","R",2016,NA,15,-1,0,274554,NA,NA,"IL",NA,NA,NA,NA,NA,NA,NA,NA,NA,NA,NA,NA,NA,NA,NA,NA,NA,25.7,"John Shimkus",NA,NA,NA,NA,0.882594147694142,74.3
"KINZINGER (R IL-16)","IL-16","KINZINGER (R IL-16)","R",2016,NA,16,-1,0,259722,NA,NA,"IL",NA,NA,NA,NA,NA,NA,NA,NA,NA,NA,NA,NA,NA,NA,NA,NA,NA,40.8,"Adam Kinzinger",NA,NA,NA,NA,0.657824565542231,59.2
"BUSTOS (D IL-17)","IL-17","BUSTOS (D IL-17)","D",2016,NA,17,1,173125,113943,NA,NA,"IL",NA,NA,NA,NA,NA,NA,NA,NA,NA,NA,NA,NA,NA,NA,NA,NA,NA,49.6,"Cheri Bustos",NA,NA,NA,NA,-0.686727858246839,50.4
"LAHOOD (R IL-18)","IL-18","LAHOOD (R IL-18)","R",2016,NA,18,-1,96770,250506,NA,NA,"IL",NA,NA,NA,NA,NA,NA,NA,NA,NA,NA,NA,NA,NA,NA,NA,NA,NA,35.5,"Darin LaHood",NA,NA,NA,NA,0.799911482402393,64.5
"KELLY (D IL-2)","IL-2","KELLY (D IL-2)","D",2016,NA,2,1,235051,59471,NA,NA,"IL",NA,NA,NA,NA,NA,NA,NA,NA,NA,NA,NA,NA,NA,NA,NA,NA,NA,80.3,"Robin Kelly",NA,NA,NA,NA,-1.2852252611973,19.7
"LIPINSKI (D IL-3)","IL-3","LIPINSKI (D IL-3)","D",2016,NA,3,1,225320,0,NA,NA,"IL",NA,NA,NA,NA,NA,NA,NA,NA,NA,NA,NA,NA,NA,NA,NA,NA,NA,58,"Dan Lipinski",NA,NA,NA,NA,-0.52847892596234,42
"GUTIARREZ (D IL-4)","IL-4","GUTIARREZ (D IL-4)","D",2016,NA,4,1,171297,0,NA,NA,"IL",NA,NA,NA,NA,NA,NA,NA,NA,NA,NA,NA,NA,NA,NA,NA,NA,NA,86.1,"Luis Gutierrez",NA,NA,NA,NA,-1.03512220519219,13.9
"QUIGLEY (D IL-5)","IL-5","QUIGLEY (D IL-5)","D",2016,NA,5,1,212842,86222,NA,NA,"IL",NA,NA,NA,NA,NA,NA,NA,NA,NA,NA,NA,NA,NA,NA,NA,NA,NA,74.7,"Mike Quigley",NA,NA,NA,NA,-0.978389880363878,25.3
"ROSKAM (R IL-6)","IL-6","ROSKAM (R IL-6)","R",2016,NA,6,-1,143591,208555,NA,NA,"IL",NA,NA,NA,NA,NA,NA,NA,NA,NA,NA,NA,NA,NA,NA,NA,NA,NA,53.7,"Peter Roskam",NA,NA,NA,NA,0.607133107131346,46.3
"DAVIS (D IL-7)","IL-7","DAVIS (D IL-7)","D",2016,NA,7,1,250584,46882,NA,NA,"IL",NA,NA,NA,NA,NA,NA,NA,NA,NA,NA,NA,NA,NA,NA,NA,NA,NA,90.5,"Danny Davis",NA,NA,NA,NA,-1.30157264160064,9.5
"KRISHNAMOOR (D IL-8)","IL-8","KRISHNAMOOR (D IL-8)","D",2016,NA,8,NA,144954,103617,NA,NA,"IL",NA,NA,NA,NA,NA,NA,NA,NA,NA,NA,NA,NA,NA,NA,NA,NA,NA,61.5,"Raja Krishnamoorthi",NA,NA,NA,NA,-0.913714771872452,38.5
"SCHAKOWSKY (D IL-9)","IL-9","SCHAKOWSKY (D IL-9)","D",2016,NA,9,1,217306,109550,NA,NA,"IL",NA,NA,NA,NA,NA,NA,NA,NA,NA,NA,NA,NA,NA,NA,NA,NA,NA,73.8,"Jan Schakowsky",NA,NA,NA,NA,-2.39805395423003,26.2
"VISCLOSKY (D IN-1)","IN-1","VISCLOSKY (D IN-1)","D",2016,NA,1,1,207515,0,NA,NA,"IN",NA,NA,NA,NA,NA,NA,NA,NA,NA,NA,NA,NA,NA,NA,NA,NA,NA,56.6,"Peter Visclosky",NA,NA,NA,NA,-0.948656519391625,43.4
"WALORSKI (R IN-2)","IN-2","WALORSKI (R IN-2)","R",2016,NA,2,-1,102401,164355,NA,NA,"IN",NA,NA,NA,NA,NA,NA,NA,NA,NA,NA,NA,NA,NA,NA,NA,NA,NA,37.8,"Jackie Walorski",NA,NA,NA,NA,0.901054276071765,62.2
"BANKS (R IN-3)","IN-3","BANKS (R IN-3)","R",2016,NA,3,-1,66023,201396,NA,NA,"IN",NA,NA,NA,NA,NA,NA,NA,NA,NA,NA,NA,NA,NA,NA,NA,NA,NA,31.6,"Jim Banks",NA,NA,NA,NA,1.08615760542386,68.4
"ROKITA (R IN-4)","IN-4","ROKITA (R IN-4)","R",2016,NA,4,-1,91256,193412,NA,NA,"IN",NA,NA,NA,NA,NA,NA,NA,NA,NA,NA,NA,NA,NA,NA,NA,NA,NA,32,"Todd Rokita",NA,NA,NA,NA,0.540374792925922,68
"BROOKS (R IN-5)","IN-5","BROOKS (R IN-5)","R",2016,NA,5,-1,123849,221957,NA,NA,"IN",NA,NA,NA,NA,NA,NA,NA,NA,NA,NA,NA,NA,NA,NA,NA,NA,NA,43.7,"Susan Brooks",NA,NA,NA,NA,1.00791585771698,56.3
"MESSER (R IN-6)","IN-6","MESSER (R IN-6)","R",2016,NA,6,-1,79135,204920,NA,NA,"IN",NA,NA,NA,NA,NA,NA,NA,NA,NA,NA,NA,NA,NA,NA,NA,NA,NA,28.8,"Luke Messer",NA,NA,NA,NA,1.02889148049191,71.2
"CARSON (D IN-7)","IN-7","CARSON (D IN-7)","D",2016,NA,7,1,158739,94456,NA,NA,"IN",NA,NA,NA,NA,NA,NA,NA,NA,NA,NA,NA,NA,NA,NA,NA,NA,NA,62,"Andre Carson",NA,NA,NA,NA,-1.25384316045934,38
"BUCSHON (R IN-8)","IN-8","BUCSHON (R IN-8)","R",2016,NA,8,-1,93356,187702,NA,NA,"IN",NA,NA,NA,NA,NA,NA,NA,NA,NA,NA,NA,NA,NA,NA,NA,NA,NA,32.4,"Larry Bucshon",NA,NA,NA,NA,0.950121497659689,67.6
"HOLLINGSWOR (R IN-9)","IN-9","HOLLINGSWOR (R IN-9)","R",2016,NA,9,-1,130627,174791,NA,NA,"IN",NA,NA,NA,NA,NA,NA,NA,NA,NA,NA,NA,NA,NA,NA,NA,NA,NA,35.9,"Trey Hollingsworth",NA,NA,NA,NA,0.686000557064239,64.1
"MARSHALL (R KS-1)","KS-1","MARSHALL (R KS-1)","R",2016,NA,1,NA,0,169992,NA,NA,"KS",NA,NA,NA,NA,NA,NA,NA,NA,NA,NA,NA,NA,NA,NA,NA,NA,NA,26,"Roger Marshall",NA,NA,NA,NA,1.02956424501386,74
"JENKINS (R KS-2)","KS-2","JENKINS (R KS-2)","R",2016,NA,2,-1,96840,181228,NA,NA,"KS",NA,NA,NA,NA,NA,NA,NA,NA,NA,NA,NA,NA,NA,NA,NA,NA,NA,40.1,"Lynn Jenkins",NA,NA,NA,NA,0.615265762243605,59.9
"YODER (R KS-3)","KS-3","YODER (R KS-3)","R",2016,NA,3,-1,139300,176022,NA,NA,"KS",NA,NA,NA,NA,NA,NA,NA,NA,NA,NA,NA,NA,NA,NA,NA,NA,NA,50.6,"Kevin Yoder",NA,NA,NA,NA,0.520103949164978,49.4
"ESTES (R KS-4)","KS-4","ESTES (R KS-4)","R",2016,NA,4,-1,81495,166998,NA,NA,"KS",NA,NA,NA,NA,NA,NA,NA,NA,NA,NA,NA,NA,NA,NA,NA,NA,NA,35.4,"Mike Pompeo",NA,NA,NA,NA,1.04717597174667,64.6
"COMER (R KY-1)","KY-1","COMER (R KY-1)","R",2016,NA,1,NA,81710,216959,NA,NA,"KY",NA,NA,NA,NA,NA,NA,NA,NA,NA,NA,NA,NA,NA,NA,NA,NA,NA,24.8,"James Comer",NA,NA,NA,NA,0.668966254354047,75.2
"GUTHRIE (R KY-2)","KY-2","GUTHRIE (R KY-2)","R",2016,NA,2,-1,0,251825,NA,NA,"KY",NA,NA,NA,NA,NA,NA,NA,NA,NA,NA,NA,NA,NA,NA,NA,NA,NA,29,"Brett Guthrie",NA,NA,NA,NA,1.12803388653028,71
"YARMUTH (D KY-3)","KY-3","YARMUTH (D KY-3)","D",2016,NA,3,1,212401,122093,NA,NA,"KY",NA,NA,NA,NA,NA,NA,NA,NA,NA,NA,NA,NA,NA,NA,NA,NA,NA,57.9,"John Yarmuth",NA,NA,NA,NA,-0.947178835183274,42.1
"MASSIE (R KY-4)","KY-4","MASSIE (R KY-4)","R",2016,NA,4,-1,94065,233922,NA,NA,"KY",NA,NA,NA,NA,NA,NA,NA,NA,NA,NA,NA,NA,NA,NA,NA,NA,NA,31,"Thomas Massie",NA,NA,NA,NA,0.211320621551427,69
"ROGERS (R KY-5)","KY-5","ROGERS (R KY-5)","R",2016,NA,5,-1,0,221242,NA,NA,"KY",NA,NA,NA,NA,NA,NA,NA,NA,NA,NA,NA,NA,NA,NA,NA,NA,NA,18,"Hal Rogers",NA,NA,NA,NA,1.14307474277438,82
"BARR (R KY-6)","KY-6","BARR (R KY-6)","R",2016,NA,6,-1,128728,202099,NA,NA,"KY",NA,NA,NA,NA,NA,NA,NA,NA,NA,NA,NA,NA,NA,NA,NA,NA,NA,41.9,"Andy Barr",NA,NA,NA,NA,1.20830386166679,58.1
"SCALISE (R LA-1)","LA-1","SCALISE (R LA-1)","R",2016,NA,1,NA,63785,243645,NA,NA,"LA",NA,NA,NA,NA,NA,NA,NA,NA,NA,NA,NA,NA,NA,NA,NA,NA,NA,28,"Steve Scalise",NA,NA,NA,NA,1.2409544608231,72
"RICHMOND (D LA-2)","LA-2","RICHMOND (D LA-2)","D",2016,NA,2,NA,284269,0,NA,NA,"LA",NA,NA,NA,NA,NA,NA,NA,NA,NA,NA,NA,NA,NA,NA,NA,NA,NA,77.1,"Cedric Richmond",NA,NA,NA,NA,-1.52064784254604,22.9
"HIGGINS (R LA-3)","LA-3","HIGGINS (R LA-3)","R",2016,NA,3,NA,56215,258632,NA,NA,"LA",NA,NA,NA,NA,NA,NA,NA,NA,NA,NA,NA,NA,NA,NA,NA,NA,NA,30.3,"Clay Higgins",NA,NA,NA,NA,1.0202792428194,69.7
"JOHNSON (R LA-4)","LA-4","JOHNSON (R LA-4)","R",2016,NA,4,NA,80593,199750,NA,NA,"LA",NA,NA,NA,NA,NA,NA,NA,NA,NA,NA,NA,NA,NA,NA,NA,NA,NA,37.7,"Mike Johnson",NA,NA,NA,NA,1.28052027750835,62.3
"ABRAHAM (R LA-5)","LA-5","ABRAHAM (R LA-5)","R",2016,NA,5,1,0,255662,NA,NA,"LA",NA,NA,NA,NA,NA,NA,NA,NA,NA,NA,NA,NA,NA,NA,NA,NA,NA,34.9,"Ralph Abraham",NA,NA,NA,NA,1.73428545804688,65.1
"GRAVES (R LA-6)","LA-6","GRAVES (R LA-6)","R",2016,NA,6,-1,79202,241075,NA,NA,"LA",NA,NA,NA,NA,NA,NA,NA,NA,NA,NA,NA,NA,NA,NA,NA,NA,NA,32.4,"Garret Graves",NA,NA,NA,NA,0.526823080759239,67.6
"NEAL (D MA-1)","MA-1","NEAL (D MA-1)","D",2016,NA,1,1,235803,0,NA,NA,"MA",NA,NA,NA,NA,NA,NA,NA,NA,NA,NA,NA,NA,NA,NA,NA,NA,NA,61,"Richard Neal",NA,NA,NA,NA,-1.10602446868161,39
"MCGOVERN (D MA-2)","MA-2","MCGOVERN (D MA-2)","D",2016,NA,2,1,275487,0,NA,NA,"MA",NA,NA,NA,NA,NA,NA,NA,NA,NA,NA,NA,NA,NA,NA,NA,NA,NA,60.4,"Jim McGovern",NA,NA,NA,NA,-1.84017127032743,39.6
"TSONGAS (D MA-3)","MA-3","TSONGAS (D MA-3)","D",2016,NA,3,1,236713,107519,NA,NA,"MA",NA,NA,NA,NA,NA,NA,NA,NA,NA,NA,NA,NA,NA,NA,NA,NA,NA,62.2,"Niki Tsongas",NA,NA,NA,NA,-0.860043073510862,37.8
"KENNEDY (D MA-4)","MA-4","KENNEDY (D MA-4)","D",2016,NA,4,1,265823,113055,NA,NA,"MA",NA,NA,NA,NA,NA,NA,NA,NA,NA,NA,NA,NA,NA,NA,NA,NA,NA,62.8,"Joe Kennedy",NA,NA,NA,NA,-1.09865397022413,37.2
"CLARK (D MA-5)","MA-5","CLARK (D MA-5)","D",2016,NA,5,1,285606,0,NA,NA,"MA",NA,NA,NA,NA,NA,NA,NA,NA,NA,NA,NA,NA,NA,NA,NA,NA,NA,72.9,"Katherine Clark",NA,NA,NA,NA,-1.38678563361645,27.1
"MOULTON (D MA-6)","MA-6","MOULTON (D MA-6)","D",2016,NA,6,1,308923,0,NA,NA,"MA",NA,NA,NA,NA,NA,NA,NA,NA,NA,NA,NA,NA,NA,NA,NA,NA,NA,59.5,"Seth Moulton",NA,NA,NA,NA,-0.693850360801016,40.5
"CAPUANO (D MA-7)","MA-7","CAPUANO (D MA-7)","D",2016,NA,7,1,253354,0,NA,NA,"MA",NA,NA,NA,NA,NA,NA,NA,NA,NA,NA,NA,NA,NA,NA,NA,NA,NA,87.6,"Mike Capuano",NA,NA,NA,NA,-1.26372644843544,12.4
"LYNCH (D MA-8)","MA-8","LYNCH (D MA-8)","D",2016,NA,8,1,271019,102744,NA,NA,"MA",NA,NA,NA,NA,NA,NA,NA,NA,NA,NA,NA,NA,NA,NA,NA,NA,NA,63.7,"Stephen Lynch",NA,NA,NA,NA,-0.832779140471504,36.3
"KEATING (D MA-9)","MA-9","KEATING (D MA-9)","D",2016,NA,9,1,211790,127803,NA,NA,"MA",NA,NA,NA,NA,NA,NA,NA,NA,NA,NA,NA,NA,NA,NA,NA,NA,NA,55.7,"Bill Keating",NA,NA,NA,NA,-0.743940674857917,44.3
"HARRIS (R MD-1)","MD-1","HARRIS (R MD-1)","R",2016,NA,1,-1,103622,242574,NA,NA,"MD",NA,NA,NA,NA,NA,NA,NA,NA,NA,NA,NA,NA,NA,NA,NA,NA,NA,35.1,"Andy Harris",NA,NA,NA,NA,2.07131324795403,64.9
"RUPPERSBERG (D MD-2)","MD-2","RUPPERSBERG (D MD-2)","D",2016,NA,2,1,192183,102577,NA,NA,"MD",NA,NA,NA,NA,NA,NA,NA,NA,NA,NA,NA,NA,NA,NA,NA,NA,NA,62.8,"Dutch Ruppersberger",NA,NA,NA,NA,-0.826198873975057,37.2
"SARBANES (D MD-3)","MD-3","SARBANES (D MD-3)","D",2016,NA,3,1,214640,115048,NA,NA,"MD",NA,NA,NA,NA,NA,NA,NA,NA,NA,NA,NA,NA,NA,NA,NA,NA,NA,66.2,"John Sarbanes",NA,NA,NA,NA,-1.27432537778768,33.8
"BROWN (D MD-4)","MD-4","BROWN (D MD-4)","D",2016,NA,4,NA,237501,68670,NA,NA,"MD",NA,NA,NA,NA,NA,NA,NA,NA,NA,NA,NA,NA,NA,NA,NA,NA,NA,80.2,"Anthony Brown",NA,NA,NA,NA,-0.936418141628958,19.8
"HOYER (D MD-5)","MD-5","HOYER (D MD-5)","D",2016,NA,5,1,242989,105931,NA,NA,"MD",NA,NA,NA,NA,NA,NA,NA,NA,NA,NA,NA,NA,NA,NA,NA,NA,NA,66.1,"Steny Hoyer",NA,NA,NA,NA,-1.18731522654642,33.9
"DELANEY (D MD-6)","MD-6","DELANEY (D MD-6)","D",2016,NA,6,1,185770,133081,NA,NA,"MD",NA,NA,NA,NA,NA,NA,NA,NA,NA,NA,NA,NA,NA,NA,NA,NA,NA,58.4,"John Delaney",NA,NA,NA,NA,-0.64639717837122,41.6
"CUMMINGS (D MD-7)","MD-7","CUMMINGS (D MD-7)","D",2016,NA,7,1,238838,69556,NA,NA,"MD",NA,NA,NA,NA,NA,NA,NA,NA,NA,NA,NA,NA,NA,NA,NA,NA,NA,78.6,"Elijah Cummings",NA,NA,NA,NA,-1.40521539359469,21.4
"RASKIN (D MD-8)","MD-8","RASKIN (D MD-8)","D",2016,NA,8,NA,220657,124651,NA,NA,"MD",NA,NA,NA,NA,NA,NA,NA,NA,NA,NA,NA,NA,NA,NA,NA,NA,NA,67.6,"Jamie Raskin",NA,NA,NA,NA,-1.58659452859444,32.4
"PINGREE (D ME-1)","ME-1","PINGREE (D ME-1)","D",2016,NA,1,1,227546,164569,NA,NA,"ME",NA,NA,NA,NA,NA,NA,NA,NA,NA,NA,NA,NA,NA,NA,NA,NA,NA,57.9,"Chellie Pingree",NA,NA,NA,NA,-1.0692025695948,42.1
"POLIQUIN (R ME-2)","ME-2","POLIQUIN (R ME-2)","R",2016,NA,2,-1,159081,192878,NA,NA,"ME",NA,NA,NA,NA,NA,NA,NA,NA,NA,NA,NA,NA,NA,NA,NA,NA,NA,44.4,"Bruce Poliquin",NA,NA,NA,NA,0.522326006287717,55.6
"BERGMAN (R MI-1)","MI-1","BERGMAN (R MI-1)","R",2016,NA,1,NA,144334,197777,NA,NA,"MI",NA,NA,NA,NA,NA,NA,NA,NA,NA,NA,NA,NA,NA,NA,NA,NA,NA,38.7,"Jack Bergman",NA,NA,NA,NA,0.76602410320477,61.3
"MITCHELL (R MI-10)","MI-10","MITCHELL (R MI-10)","R",2016,NA,10,NA,110112,215132,NA,NA,"MI",NA,NA,NA,NA,NA,NA,NA,NA,NA,NA,NA,NA,NA,NA,NA,NA,NA,33.1,"Paul Mitchell",NA,NA,NA,NA,0.625005056667428,66.9
"TROTT (R MI-11)","MI-11","TROTT (R MI-11)","R",2016,NA,11,-1,152461,200872,NA,NA,"MI",NA,NA,NA,NA,NA,NA,NA,NA,NA,NA,NA,NA,NA,NA,NA,NA,NA,47.7,"Dave Trott",NA,NA,NA,NA,0.865319694659394,52.3
"DINGELL (D MI-12)","MI-12","DINGELL (D MI-12)","D",2016,NA,12,1,211378,96104,NA,NA,"MI",NA,NA,NA,NA,NA,NA,NA,NA,NA,NA,NA,NA,NA,NA,NA,NA,NA,63.8,"Debbie Dingell",NA,NA,NA,NA,-1.22968979679338,36.2
"CONYERS (D MI-13)","MI-13","CONYERS (D MI-13)","D",2016,NA,13,1,198771,40541,NA,NA,"MI",NA,NA,NA,NA,NA,NA,NA,NA,NA,NA,NA,NA,NA,NA,NA,NA,NA,81.3,"John Conyers",NA,NA,NA,NA,-1.55963904938271,18.7
"LAWRENCE (D MI-14)","MI-14","LAWRENCE (D MI-14)","D",2016,NA,14,1,244135,58103,NA,NA,"MI",NA,NA,NA,NA,NA,NA,NA,NA,NA,NA,NA,NA,NA,NA,NA,NA,NA,81.2,"Brenda Lawrence",NA,NA,NA,NA,-1.17453568281428,18.8
"HUIZENGA (R MI-2)","MI-2","HUIZENGA (R MI-2)","R",2016,NA,2,-1,110391,212508,NA,NA,"MI",NA,NA,NA,NA,NA,NA,NA,NA,NA,NA,NA,NA,NA,NA,NA,NA,NA,40.6,"Bill Huizenga",NA,NA,NA,NA,0.920896876430641,59.4
"AMASH (R MI-3)","MI-3","AMASH (R MI-3)","R",2016,NA,3,-1,128400,203545,NA,NA,"MI",NA,NA,NA,NA,NA,NA,NA,NA,NA,NA,NA,NA,NA,NA,NA,NA,NA,45,"Justin Amash",NA,NA,NA,NA,0.163920137335676,55
"MOOLENAAR (R MI-4)","MI-4","MOOLENAAR (R MI-4)","R",2016,NA,4,-1,101277,194572,NA,NA,"MI",NA,NA,NA,NA,NA,NA,NA,NA,NA,NA,NA,NA,NA,NA,NA,NA,NA,36.8,"John Moolenaar",NA,NA,NA,NA,0.841375152380017,63.2
"KILDEE (D MI-5)","MI-5","KILDEE (D MI-5)","D",2016,NA,5,1,195279,112102,NA,NA,"MI",NA,NA,NA,NA,NA,NA,NA,NA,NA,NA,NA,NA,NA,NA,NA,NA,NA,52.2,"Daniel Kildee",NA,NA,NA,NA,-1.0284770277521,47.8
"UPTON (R MI-6)","MI-6","UPTON (R MI-6)","R",2016,NA,6,-1,119980,193246,NA,NA,"MI",NA,NA,NA,NA,NA,NA,NA,NA,NA,NA,NA,NA,NA,NA,NA,NA,NA,45.5,"Fred Upton",NA,NA,NA,NA,0.463835599670302,54.5
"WALBERG (R MI-7)","MI-7","WALBERG (R MI-7)","R",2016,NA,7,-1,134010,184321,NA,NA,"MI",NA,NA,NA,NA,NA,NA,NA,NA,NA,NA,NA,NA,NA,NA,NA,NA,NA,41,"Tim Walberg",NA,NA,NA,NA,0.715931261048116,59
"BISHOP (R MI-8)","MI-8","BISHOP (R MI-8)","R",2016,NA,8,-1,143791,205629,NA,NA,"MI",NA,NA,NA,NA,NA,NA,NA,NA,NA,NA,NA,NA,NA,NA,NA,NA,NA,46.5,"Mike Bishop",NA,NA,NA,NA,0.692172486832318,53.5
"LEVIN (D MI-9)","MI-9","LEVIN (D MI-9)","D",2016,NA,9,1,199661,128937,NA,NA,"MI",NA,NA,NA,NA,NA,NA,NA,NA,NA,NA,NA,NA,NA,NA,NA,NA,NA,54.1,"Sander Levin",NA,NA,NA,NA,-1.09709108429133,45.9
"WALZ (D MN-1)","MN-1","WALZ (D MN-1)","D",2016,NA,1,1,169074,166526,NA,NA,"MN",NA,NA,NA,NA,NA,NA,NA,NA,NA,NA,NA,NA,NA,NA,NA,NA,NA,41.9,"Tim Walz",NA,NA,NA,NA,-0.612339959289009,58.1
"LEWIS (R MN-2)","MN-2","LEWIS (R MN-2)","R",2016,NA,2,NA,167315,173970,NA,NA,"MN",NA,NA,NA,NA,NA,NA,NA,NA,NA,NA,NA,NA,NA,NA,NA,NA,NA,49.3,"Jason Lewis",NA,NA,NA,NA,0.788698056017489,50.7
"PAULSEN (R MN-3)","MN-3","PAULSEN (R MN-3)","R",2016,NA,3,-1,169243,223077,NA,NA,"MN",NA,NA,NA,NA,NA,NA,NA,NA,NA,NA,NA,NA,NA,NA,NA,NA,NA,55.1,"Erik Paulsen",NA,NA,NA,NA,0.638802384155664,44.9
"MCCOLLUM (D MN-4)","MN-4","MCCOLLUM (D MN-4)","D",2016,NA,4,1,203299,121032,NA,NA,"MN",NA,NA,NA,NA,NA,NA,NA,NA,NA,NA,NA,NA,NA,NA,NA,NA,NA,66.8,"Betty McCollum",NA,NA,NA,NA,-1.04125726144576,33.2
"ELLISON (D MN-5)","MN-5","ELLISON (D MN-5)","D",2016,NA,5,1,249964,80660,NA,NA,"MN",NA,NA,NA,NA,NA,NA,NA,NA,NA,NA,NA,NA,NA,NA,NA,NA,NA,79.9,"Keith Ellison",NA,NA,NA,NA,-0.853639722903185,20.1
"EMMER (R MN-6)","MN-6","EMMER (R MN-6)","R",2016,NA,6,-1,123008,235380,NA,NA,"MN",NA,NA,NA,NA,NA,NA,NA,NA,NA,NA,NA,NA,NA,NA,NA,NA,NA,36,"Tom Emmer",NA,NA,NA,NA,0.556942085775576,64
"PETERSON (D MN-7)","MN-7","PETERSON (D MN-7)","D",2016,NA,7,1,173589,156952,NA,NA,"MN",NA,NA,NA,NA,NA,NA,NA,NA,NA,NA,NA,NA,NA,NA,NA,NA,NA,33.4,"Collin Peterson",NA,NA,NA,NA,-0.302127298430263,66.6
"NOLAN (D MN-8)","MN-8","NOLAN (D MN-8)","D",2016,NA,8,1,179098,177089,NA,NA,"MN",NA,NA,NA,NA,NA,NA,NA,NA,NA,NA,NA,NA,NA,NA,NA,NA,NA,41.6,"Rick Nolan",NA,NA,NA,NA,-0.711044346903363,58.4
"CLAY (D MO-1)","MO-1","CLAY (D MO-1)","D",2016,NA,1,1,236993,62714,NA,NA,"MO",NA,NA,NA,NA,NA,NA,NA,NA,NA,NA,NA,NA,NA,NA,NA,NA,NA,80.4,"Lacy Clay",NA,NA,NA,NA,-1.18247165741916,19.6
"WAGNER (R MO-2)","MO-2","WAGNER (R MO-2)","R",2016,NA,2,-1,155689,241954,NA,NA,"MO",NA,NA,NA,NA,NA,NA,NA,NA,NA,NA,NA,NA,NA,NA,NA,NA,NA,44.6,"Ann Wagner",NA,NA,NA,NA,1.33415803595131,55.4
"LUETKEMEYER (R MO-3)","MO-3","LUETKEMEYER (R MO-3)","R",2016,NA,3,-1,102891,249865,NA,NA,"MO",NA,NA,NA,NA,NA,NA,NA,NA,NA,NA,NA,NA,NA,NA,NA,NA,NA,29.5,"Blaine Luetkemeyer",NA,NA,NA,NA,1.00563307356323,70.5
"HARTZLER (R MO-4)","MO-4","HARTZLER (R MO-4)","R",2016,NA,4,-1,92510,225348,NA,NA,"MO",NA,NA,NA,NA,NA,NA,NA,NA,NA,NA,NA,NA,NA,NA,NA,NA,NA,31,"Vicky Hartzler",NA,NA,NA,NA,0.819830545459893,69
"CLEAVER (D MO-5)","MO-5","CLEAVER (D MO-5)","D",2016,NA,5,1,190766,123771,NA,NA,"MO",NA,NA,NA,NA,NA,NA,NA,NA,NA,NA,NA,NA,NA,NA,NA,NA,NA,57.1,"Emanuel Cleaver",NA,NA,NA,NA,-1.09563344451299,42.9
"GRAVES (R MO-6)","MO-6","GRAVES (R MO-6)","R",2016,NA,6,-1,99692,238388,NA,NA,"MO",NA,NA,NA,NA,NA,NA,NA,NA,NA,NA,NA,NA,NA,NA,NA,NA,NA,33.4,"Sam Graves",NA,NA,NA,NA,0.71561560546164,66.6
"LONG (R MO-7)","MO-7","LONG (R MO-7)","R",2016,NA,7,-1,92756,228692,NA,NA,"MO",NA,NA,NA,NA,NA,NA,NA,NA,NA,NA,NA,NA,NA,NA,NA,NA,NA,26,"Billy Long",NA,NA,NA,NA,1.1264333610789,74
"SMITH (R MO-8)","MO-8","SMITH (R MO-8)","R",2016,NA,8,-1,70009,229792,NA,NA,"MO",NA,NA,NA,NA,NA,NA,NA,NA,NA,NA,NA,NA,NA,NA,NA,NA,NA,21.8,"Jason Smith",NA,NA,NA,NA,0.782258352013108,78.2
"KELLY (R MS-1)","MS-1","KELLY (R MS-1)","R",2016,NA,1,-1,83947,206455,NA,NA,"MS",NA,NA,NA,NA,NA,NA,NA,NA,NA,NA,NA,NA,NA,NA,NA,NA,NA,33.1,"Trent Kelly",NA,NA,NA,NA,1.09950465686969,66.9
"THOMPSON (D MS-2)","MS-2","THOMPSON (D MS-2)","D",2016,NA,2,1,192343,83542,NA,NA,"MS",NA,NA,NA,NA,NA,NA,NA,NA,NA,NA,NA,NA,NA,NA,NA,NA,NA,64.4,"Bennie Thompson",NA,NA,NA,NA,-1.27177537866917,35.6
"HARPER (R MS-3)","MS-3","HARPER (R MS-3)","R",2016,NA,3,-1,96101,209490,NA,NA,"MS",NA,NA,NA,NA,NA,NA,NA,NA,NA,NA,NA,NA,NA,NA,NA,NA,NA,37.5,"Gregg Harper",NA,NA,NA,NA,1.05331934185909,62.5
"PALAZZO (R MS-4)","MS-4","PALAZZO (R MS-4)","R",2016,NA,4,-1,77505,181323,NA,NA,"MS",NA,NA,NA,NA,NA,NA,NA,NA,NA,NA,NA,NA,NA,NA,NA,NA,NA,28.9,"Steven Palazzo",NA,NA,NA,NA,1.38924315626942,71.1
"ZINKE (R MT-1)","MT-1","ZINKE (R MT-1)","R",2016,NA,1,-1,205919,285358,NA,NA,"MT",NA,NA,NA,NA,NA,NA,NA,NA,NA,NA,NA,NA,NA,NA,NA,NA,NA,38.9,"Ryan Zinke",NA,NA,NA,NA,0.826910427951628,61.1
"GIANFORTE (R MT-1)","MT-1","GIANFORTE (R MT-1)","R",2016,NA,1,-1,205919,285358,NA,NA,"MT",NA,NA,NA,NA,NA,NA,NA,NA,NA,NA,NA,NA,NA,NA,NA,NA,NA,38.9,"Ryan Zinke",NA,NA,NA,NA,1.06207363179338,61.1
"BUTTERFIELD (D NC-1)","NC-1","BUTTERFIELD (D NC-1)","D",2016,NA,1,1,240661,101567,NA,NA,"NC",NA,NA,NA,NA,NA,NA,NA,NA,NA,NA,NA,NA,NA,NA,NA,NA,NA,68.9,"G.K. Butterfield",NA,NA,NA,NA,-0.986240248339772,31.1
"MCHENRY (R NC-10)","NC-10","MCHENRY (R NC-10)","R",2016,NA,10,-1,128919,220825,NA,NA,"NC",NA,NA,NA,NA,NA,NA,NA,NA,NA,NA,NA,NA,NA,NA,NA,NA,NA,37.4,"Patrick McHenry",NA,NA,NA,NA,0.97022214159192,62.6
"MEADOWS (R NC-11)","NC-11","MEADOWS (R NC-11)","R",2016,NA,11,-1,129103,230405,NA,NA,"NC",NA,NA,NA,NA,NA,NA,NA,NA,NA,NA,NA,NA,NA,NA,NA,NA,NA,34.9,"Mark Meadows",NA,NA,NA,NA,0.760528241292436,65.1
"ADAMS (D NC-12)","NC-12","ADAMS (D NC-12)","D",2016,NA,12,1,234115,115185,NA,NA,"NC",NA,NA,NA,NA,NA,NA,NA,NA,NA,NA,NA,NA,NA,NA,NA,NA,NA,70.7,"Alma Adams",NA,NA,NA,NA,-1.21947028675783,29.3
"BUDD (R NC-13)","NC-13","BUDD (R NC-13)","R",2016,NA,13,0,156049,199443,NA,NA,"NC",NA,NA,NA,NA,NA,NA,NA,NA,NA,NA,NA,NA,NA,NA,NA,NA,NA,45.2,"Ted Budd",NA,NA,NA,NA,1.28097713080233,54.8
"HOLDING (R NC-2)","NC-2","HOLDING (R NC-2)","R",2016,NA,2,-1,169082,221485,NA,NA,"NC",NA,NA,NA,NA,NA,NA,NA,NA,NA,NA,NA,NA,NA,NA,NA,NA,NA,45,"George Holding",NA,NA,NA,NA,0.670673361305929,55
"JONES (R NC-3)","NC-3","JONES (R NC-3)","R",2016,NA,3,-1,106170,217531,NA,NA,"NC",NA,NA,NA,NA,NA,NA,NA,NA,NA,NA,NA,NA,NA,NA,NA,NA,NA,37.9,"Walter Jones",NA,NA,NA,NA,-0.102971254444978,62.1
"PRICE (D NC-4)","NC-4","PRICE (D NC-4)","D",2016,NA,4,1,279380,130161,NA,NA,"NC",NA,NA,NA,NA,NA,NA,NA,NA,NA,NA,NA,NA,NA,NA,NA,NA,NA,70.7,"David Price",NA,NA,NA,NA,-1.00012661075877,29.3
"FOXX (R NC-5)","NC-5","FOXX (R NC-5)","R",2016,NA,5,-1,147887,207625,NA,NA,"NC",NA,NA,NA,NA,NA,NA,NA,NA,NA,NA,NA,NA,NA,NA,NA,NA,NA,41,"Virginia Foxx",NA,NA,NA,NA,0.693065274916191,59
"WALKER (R NC-6)","NC-6","WALKER (R NC-6)","R",2016,NA,6,-1,143167,207983,NA,NA,"NC",NA,NA,NA,NA,NA,NA,NA,NA,NA,NA,NA,NA,NA,NA,NA,NA,NA,42.5,"Mark Walker",NA,NA,NA,NA,1.44873601473936,57.5
"ROUZER (R NC-7)","NC-7","ROUZER (R NC-7)","R",2016,NA,7,-1,135905,211801,NA,NA,"NC",NA,NA,NA,NA,NA,NA,NA,NA,NA,NA,NA,NA,NA,NA,NA,NA,NA,40.9,"David Rouzer",NA,NA,NA,NA,0.711947739327168,59.1
"HUDSON (R NC-8)","NC-8","HUDSON (R NC-8)","R",2016,NA,8,-1,133182,189863,NA,NA,"NC",NA,NA,NA,NA,NA,NA,NA,NA,NA,NA,NA,NA,NA,NA,NA,NA,NA,42.3,"Richard Hudson",NA,NA,NA,NA,0.706776888720198,57.7
"PITTENGER (R NC-9)","NC-9","PITTENGER (R NC-9)","R",2016,NA,9,-1,139041,193452,NA,NA,"NC",NA,NA,NA,NA,NA,NA,NA,NA,NA,NA,NA,NA,NA,NA,NA,NA,NA,44,"Robert Pittenger",NA,NA,NA,NA,0.744699780199214,56
"CRAMER (R ND-1)","ND-1","CRAMER (R ND-1)","R",2016,NA,1,-1,80377,233980,NA,NA,"ND",NA,NA,NA,NA,NA,NA,NA,NA,NA,NA,NA,NA,NA,NA,NA,NA,NA,30.2,"Kevin Cramer",NA,NA,NA,NA,0.952088767646184,69.8
"FORTENBERRY (R NE-1)","NE-1","FORTENBERRY (R NE-1)","R",2016,NA,1,-1,83467,189771,NA,NA,"NE",NA,NA,NA,NA,NA,NA,NA,NA,NA,NA,NA,NA,NA,NA,NA,NA,NA,38.6,"Jeff Fortenberry",NA,NA,NA,NA,1.26011554475711,61.4
"BACON (R NE-2)","NE-2","BACON (R NE-2)","R",2016,NA,2,1,137602,141066,NA,NA,"NE",NA,NA,NA,NA,NA,NA,NA,NA,NA,NA,NA,NA,NA,NA,NA,NA,NA,48.8,"Don Bacon",NA,NA,NA,NA,1.03172015332486,51.2
"SMITH (R NE-3)","NE-3","SMITH (R NE-3)","R",2016,NA,3,-1,0,226720,NA,NA,"NE",NA,NA,NA,NA,NA,NA,NA,NA,NA,NA,NA,NA,NA,NA,NA,NA,NA,21.1,"Adrian Smith",NA,NA,NA,NA,1.61110531562104,78.9
"SHEA-PORTER (D NH-1)","NH-1","SHEA-PORTER (D NH-1)","D",2016,NA,1,-1,161828,157011,NA,NA,"NH",NA,NA,NA,NA,NA,NA,NA,NA,NA,NA,NA,NA,NA,NA,NA,NA,NA,49.2,"Carol Shea-Porter",NA,NA,NA,NA,-0.796600332203878,50.8
"KUSTER (D NH-2)","NH-2","KUSTER (D NH-2)","D",2016,NA,2,1,174386,158960,NA,NA,"NH",NA,NA,NA,NA,NA,NA,NA,NA,NA,NA,NA,NA,NA,NA,NA,NA,NA,51.3,"Annie Kuster",NA,NA,NA,NA,-0.658126625766985,48.7
"NORCROSS (D NJ-1)","NJ-1","NORCROSS (D NJ-1)","D",2016,NA,1,1,183231,112388,NA,NA,"NJ",NA,NA,NA,NA,NA,NA,NA,NA,NA,NA,NA,NA,NA,NA,NA,NA,NA,62.7,"Donald Norcross",NA,NA,NA,NA,-0.866183599647956,37.3
"PAYNE (D NJ-10)","NJ-10","PAYNE (D NJ-10)","D",2016,NA,10,1,190856,26450,NA,NA,"NJ",NA,NA,NA,NA,NA,NA,NA,NA,NA,NA,NA,NA,NA,NA,NA,NA,NA,86.9,"Donald Payne Jr.",NA,NA,NA,NA,-1.89224124756313,13.1
"FRELINGHUYS (R NJ-11)","NJ-11","FRELINGHUYS (R NJ-11)","R",2016,NA,11,-1,130162,194299,NA,NA,"NJ",NA,NA,NA,NA,NA,NA,NA,NA,NA,NA,NA,NA,NA,NA,NA,NA,NA,49.5,"Rodney Frelinghuysen",NA,NA,NA,NA,0.949359210824663,50.5
"WATSON (D NJ-12)","NJ-12","WATSON (D NJ-12)","D",2016,NA,12,1,181430,92407,NA,NA,"NJ",NA,NA,NA,NA,NA,NA,NA,NA,NA,NA,NA,NA,NA,NA,NA,NA,NA,67.1,"Bonnie Watson Coleman",NA,NA,NA,NA,-1.94942723656272,32.9
"LOBIONDO (R NJ-2)","NJ-2","LOBIONDO (R NJ-2)","R",2016,NA,2,-1,110838,176338,NA,NA,"NJ",NA,NA,NA,NA,NA,NA,NA,NA,NA,NA,NA,NA,NA,NA,NA,NA,NA,47.6,"Frank LoBiondo",NA,NA,NA,NA,0.212808581472089,52.4
"MACARTHUR (R NJ-3)","NJ-3","MACARTHUR (R NJ-3)","R",2016,NA,3,-1,127526,194596,NA,NA,"NJ",NA,NA,NA,NA,NA,NA,NA,NA,NA,NA,NA,NA,NA,NA,NA,NA,NA,46.8,"Tom MacArthur",NA,NA,NA,NA,0.397283124214828,53.2
"SMITH (R NJ-4)","NJ-4","SMITH (R NJ-4)","R",2016,NA,4,-1,111532,211992,NA,NA,"NJ",NA,NA,NA,NA,NA,NA,NA,NA,NA,NA,NA,NA,NA,NA,NA,NA,NA,42.4,"Chris Smith",NA,NA,NA,NA,0.242170108626268,57.6
"GOTTHEIMER (D NJ-5)","NJ-5","GOTTHEIMER (D NJ-5)","D",2016,NA,5,1,172587,157690,NA,NA,"NJ",NA,NA,NA,NA,NA,NA,NA,NA,NA,NA,NA,NA,NA,NA,NA,NA,NA,49.4,"Josh Gottheimer",NA,NA,NA,NA,-0.396133581894468,50.6
"PALLONE (D NJ-6)","NJ-6","PALLONE (D NJ-6)","D",2016,NA,6,1,167895,91908,NA,NA,"NJ",NA,NA,NA,NA,NA,NA,NA,NA,NA,NA,NA,NA,NA,NA,NA,NA,NA,58.1,"Frank Pallone",NA,NA,NA,NA,-1.64287469169454,41.9
"LANCE (R NJ-7)","NJ-7","LANCE (R NJ-7)","R",2016,NA,7,-1,148188,185850,NA,NA,"NJ",NA,NA,NA,NA,NA,NA,NA,NA,NA,NA,NA,NA,NA,NA,NA,NA,NA,50.6,"Leonard Lance",NA,NA,NA,NA,0.353802738542162,49.4
"SIRES (D NJ-8)","NJ-8","SIRES (D NJ-8)","D",2016,NA,8,1,134733,32337,NA,NA,"NJ",NA,NA,NA,NA,NA,NA,NA,NA,NA,NA,NA,NA,NA,NA,NA,NA,NA,77.9,"Albio Sires",NA,NA,NA,NA,-0.857233817695219,22.1
"PASCRELL (D NJ-9)","NJ-9","PASCRELL (D NJ-9)","D",2016,NA,9,1,162642,65376,NA,NA,"NJ",NA,NA,NA,NA,NA,NA,NA,NA,NA,NA,NA,NA,NA,NA,NA,NA,NA,66,"Bill Pascrell",NA,NA,NA,NA,-0.771520406281626,34
"LUJAN (D NM-1)","NM-1","LUJAN (D NM-1)","D",2016,NA,1,1,181088,96879,NA,NA,"NM",NA,NA,NA,NA,NA,NA,NA,NA,NA,NA,NA,NA,NA,NA,NA,NA,NA,59.5,"Michelle Lujan Grisham",NA,NA,NA,NA,-0.83254399849212,40.5
"PEARCE (R NM-2)","NM-2","PEARCE (R NM-2)","R",2016,NA,2,-1,85232,143514,NA,NA,"NM",NA,NA,NA,NA,NA,NA,NA,NA,NA,NA,NA,NA,NA,NA,NA,NA,NA,44.3,"Steve Pearce",NA,NA,NA,NA,0.967012608532708,55.7
"LUJAN (D NM-3)","NM-3","LUJAN (D NM-3)","D",2016,NA,3,1,170612,102730,NA,NA,"NM",NA,NA,NA,NA,NA,NA,NA,NA,NA,NA,NA,NA,NA,NA,NA,NA,NA,58.5,"Ben R. Lujan",NA,NA,NA,NA,-1.01934930915997,41.5
"TITUS (D NV-1)","NV-1","TITUS (D NV-1)","D",2016,NA,1,1,116537,54174,NA,NA,"NV",NA,NA,NA,NA,NA,NA,NA,NA,NA,NA,NA,NA,NA,NA,NA,NA,NA,65.4,"Dina Titus",NA,NA,NA,NA,-0.951938575164091,34.6
"AMODEI (R NV-2)","NV-2","AMODEI (R NV-2)","R",2016,NA,2,-1,115722,182676,NA,NA,"NV",NA,NA,NA,NA,NA,NA,NA,NA,NA,NA,NA,NA,NA,NA,NA,NA,NA,43.3,"Mark Amodei",NA,NA,NA,NA,0.674050782596029,56.7
"ROSEN (D NV-3)","NV-3","ROSEN (D NV-3)","D",2016,NA,3,0,146869,142926,NA,NA,"NV",NA,NA,NA,NA,NA,NA,NA,NA,NA,NA,NA,NA,NA,NA,NA,NA,NA,49.5,"Jacky Rosen",NA,NA,NA,NA,-0.53423331166694,50.5
"KIHUEN (D NV-4)","NV-4","KIHUEN (D NV-4)","D",2016,NA,4,-1,128985,118328,NA,NA,"NV",NA,NA,NA,NA,NA,NA,NA,NA,NA,NA,NA,NA,NA,NA,NA,NA,NA,52.6,"Ruben Kihuen",NA,NA,NA,NA,-0.836164302192634,47.4
"ZELDIN (R NY-1)","NY-1","ZELDIN (R NY-1)","R",2016,NA,1,-1,121982,175168,NA,NA,"NY",NA,NA,NA,NA,NA,NA,NA,NA,NA,NA,NA,NA,NA,NA,NA,NA,NA,43.6,"Lee Zeldin",NA,NA,NA,NA,0.580309881832903,56.4
"NADLER (D NY-10)","NY-10","NADLER (D NY-10)","D",2016,NA,10,1,192122,53806,NA,NA,"NY",NA,NA,NA,NA,NA,NA,NA,NA,NA,NA,NA,NA,NA,NA,NA,NA,NA,80.6,"Jerrold Nadler",NA,NA,NA,NA,-1.52424453324305,19.4
"DONOVAN (R NY-11)","NY-11","DONOVAN (R NY-11)","R",2016,NA,11,-1,85257,142934,NA,NA,"NY",NA,NA,NA,NA,NA,NA,NA,NA,NA,NA,NA,NA,NA,NA,NA,NA,NA,45,"Daniel Donovan",NA,NA,NA,NA,0.354512710010486,55
"MALONEY (D NY-12)","NY-12","MALONEY (D NY-12)","D",2016,NA,12,1,244199,49350,NA,NA,"NY",NA,NA,NA,NA,NA,NA,NA,NA,NA,NA,NA,NA,NA,NA,NA,NA,NA,86.1,"Carolyn Maloney",NA,NA,NA,NA,-0.885963022347982,13.9
"ESPAILLAT (D NY-13)","NY-13","ESPAILLAT (D NY-13)","D",2016,NA,13,NA,206994,16083,NA,NA,"NY",NA,NA,NA,NA,NA,NA,NA,NA,NA,NA,NA,NA,NA,NA,NA,NA,NA,94.5,"Adriano Espaillat",NA,NA,NA,NA,-1.52111844814677,5.5
"CROWLEY (D NY-14)","NY-14","CROWLEY (D NY-14)","D",2016,NA,14,1,147587,30545,NA,NA,"NY",NA,NA,NA,NA,NA,NA,NA,NA,NA,NA,NA,NA,NA,NA,NA,NA,NA,79.7,"Joe Crowley",NA,NA,NA,NA,-1.05484720999542,20.3
"SERRANO (D NY-15)","NY-15","SERRANO (D NY-15)","D",2016,NA,15,1,165688,6129,NA,NA,"NY",NA,NA,NA,NA,NA,NA,NA,NA,NA,NA,NA,NA,NA,NA,NA,NA,NA,95,"Jose E. Serrano",NA,NA,NA,NA,-1.07120223064131,5
"ENGEL (D NY-16)","NY-16","ENGEL (D NY-16)","D",2016,NA,16,1,209857,0,NA,NA,"NY",NA,NA,NA,NA,NA,NA,NA,NA,NA,NA,NA,NA,NA,NA,NA,NA,NA,76.9,"Eliot Engel",NA,NA,NA,NA,-1.01254072905629,23.1
"LOWEY (D NY-17)","NY-17","LOWEY (D NY-17)","D",2016,NA,17,1,214530,0,NA,NA,"NY",NA,NA,NA,NA,NA,NA,NA,NA,NA,NA,NA,NA,NA,NA,NA,NA,NA,60.4,"Nita Lowey",NA,NA,NA,NA,-1.2566573957295,39.6
"MALONEY (D NY-18)","NY-18","MALONEY (D NY-18)","D",2016,NA,18,1,162060,129369,NA,NA,"NY",NA,NA,NA,NA,NA,NA,NA,NA,NA,NA,NA,NA,NA,NA,NA,NA,NA,49,"Sean Patrick Maloney",NA,NA,NA,NA,-0.71699398054859,51
"FASO (R NY-19)","NY-19","FASO (R NY-19)","R",2016,NA,19,NA,138800,164800,NA,NA,"NY",NA,NA,NA,NA,NA,NA,NA,NA,NA,NA,NA,NA,NA,NA,NA,NA,NA,46.4,"John Faso",NA,NA,NA,NA,0.26450939236644,53.6
"KING (R NY-2)","NY-2","KING (R NY-2)","R",2016,NA,2,-1,105100,174961,NA,NA,"NY",NA,NA,NA,NA,NA,NA,NA,NA,NA,NA,NA,NA,NA,NA,NA,NA,NA,45.3,"Peter King",NA,NA,NA,NA,0.402551059166117,54.7
"TONKO (D NY-20)","NY-20","TONKO (D NY-20)","D",2016,NA,20,1,213021,100738,NA,NA,"NY",NA,NA,NA,NA,NA,NA,NA,NA,NA,NA,NA,NA,NA,NA,NA,NA,NA,57.1,"Paul Tonko",NA,NA,NA,NA,-1.21601370233695,42.9
"STEFANIK (R NY-21)","NY-21","STEFANIK (R NY-21)","R",2016,NA,21,-1,82161,177886,NA,NA,"NY",NA,NA,NA,NA,NA,NA,NA,NA,NA,NA,NA,NA,NA,NA,NA,NA,NA,42.6,"Elise Stefanik",NA,NA,NA,NA,0.337664983602994,57.4
"TENNEY (R NY-22)","NY-22","TENNEY (R NY-22)","R",2016,NA,22,NA,114266,129444,NA,NA,"NY",NA,NA,NA,NA,NA,NA,NA,NA,NA,NA,NA,NA,NA,NA,NA,NA,NA,41.8,"Claudia Tenney",NA,NA,NA,NA,0.808087020791362,58.2
"REED (R NY-23)","NY-23","REED (R NY-23)","R",2016,NA,23,-1,118584,161050,NA,NA,"NY",NA,NA,NA,NA,NA,NA,NA,NA,NA,NA,NA,NA,NA,NA,NA,NA,NA,42.1,"Tom Reed",NA,NA,NA,NA,0.67357645034835,57.9
"KATKO (R NY-24)","NY-24","KATKO (R NY-24)","R",2016,NA,24,-1,119040,182761,NA,NA,"NY",NA,NA,NA,NA,NA,NA,NA,NA,NA,NA,NA,NA,NA,NA,NA,NA,NA,51.9,"John Katko",NA,NA,NA,NA,0.330699332723064,48.1
"SLAUGHTER (D NY-25)","NY-25","SLAUGHTER (D NY-25)","D",2016,NA,25,1,182950,142650,NA,NA,"NY",NA,NA,NA,NA,NA,NA,NA,NA,NA,NA,NA,NA,NA,NA,NA,NA,NA,58.7,"Louise M. Slaughter",NA,NA,NA,NA,-1.34383858657851,41.3
"HIGGINS (D NY-26)","NY-26","HIGGINS (D NY-26)","D",2016,NA,26,1,215289,73377,NA,NA,"NY",NA,NA,NA,NA,NA,NA,NA,NA,NA,NA,NA,NA,NA,NA,NA,NA,NA,60.3,"Brian Higgins",NA,NA,NA,NA,-0.865726242794959,39.7
"COLLINS (R NY-27)","NY-27","COLLINS (R NY-27)","R",2016,NA,27,-1,107832,220885,NA,NA,"NY",NA,NA,NA,NA,NA,NA,NA,NA,NA,NA,NA,NA,NA,NA,NA,NA,NA,37.1,"Chris Collins",NA,NA,NA,NA,1.03796571212922,62.9
"SUOZZI (D NY-3)","NY-3","SUOZZI (D NY-3)","D",2016,NA,3,NA,162947,145706,NA,NA,"NY",NA,NA,NA,NA,NA,NA,NA,NA,NA,NA,NA,NA,NA,NA,NA,NA,NA,53.1,"Tom Suozzi",NA,NA,NA,NA,-0.515230073256153,46.9
"RICE (D NY-4)","NY-4","RICE (D NY-4)","D",2016,NA,4,1,185286,125865,NA,NA,"NY",NA,NA,NA,NA,NA,NA,NA,NA,NA,NA,NA,NA,NA,NA,NA,NA,NA,54.9,"Kathleen Rice",NA,NA,NA,NA,-0.735979575051262,45.1
"MEEKS (D NY-5)","NY-5","MEEKS (D NY-5)","D",2016,NA,5,1,199552,30257,NA,NA,"NY",NA,NA,NA,NA,NA,NA,NA,NA,NA,NA,NA,NA,NA,NA,NA,NA,NA,87.1,"Gregory Meeks",NA,NA,NA,NA,-0.957612136720229,12.9
"MENG (D NY-6)","NY-6","MENG (D NY-6)","D",2016,NA,6,1,136506,50617,NA,NA,"NY",NA,NA,NA,NA,NA,NA,NA,NA,NA,NA,NA,NA,NA,NA,NA,NA,NA,67,"Grace Meng",NA,NA,NA,NA,-1.03364884552913,33
"VELAZQUEZ (D NY-7)","NY-7","VELAZQUEZ (D NY-7)","D",2016,NA,7,1,172145,17477,NA,NA,"NY",NA,NA,NA,NA,NA,NA,NA,NA,NA,NA,NA,NA,NA,NA,NA,NA,NA,89.3,"Nydia Velazquez",NA,NA,NA,NA,-1.08089073438727,10.7
"JEFFRIES (D NY-8)","NY-8","JEFFRIES (D NY-8)","D",2016,NA,8,1,214595,0,NA,NA,"NY",NA,NA,NA,NA,NA,NA,NA,NA,NA,NA,NA,NA,NA,NA,NA,NA,NA,86.2,"Hakeem Jeffries",NA,NA,NA,NA,-1.21710957042049,13.8
"CLARKE (D NY-9)","NY-9","CLARKE (D NY-9)","D",2016,NA,9,1,214189,0,NA,NA,"NY",NA,NA,NA,NA,NA,NA,NA,NA,NA,NA,NA,NA,NA,NA,NA,NA,NA,85.3,"Yvette Clarke",NA,NA,NA,NA,-1.61452676919013,14.7
"CHABOT (R OH-1)","OH-1","CHABOT (R OH-1)","R",2016,NA,1,-1,144644,210014,NA,NA,"OH",NA,NA,NA,NA,NA,NA,NA,NA,NA,NA,NA,NA,NA,NA,NA,NA,NA,46.6,"Steve Chabot",NA,NA,NA,NA,1.08636468254704,53.4
"TURNER (R OH-10)","OH-10","TURNER (R OH-10)","R",2016,NA,10,-1,109981,215724,NA,NA,"OH",NA,NA,NA,NA,NA,NA,NA,NA,NA,NA,NA,NA,NA,NA,NA,NA,NA,46.2,"Mike Turner",NA,NA,NA,NA,0.466230792851395,53.8
"FUDGE (D OH-11)","OH-11","FUDGE (D OH-11)","D",2016,NA,11,1,242917,59769,NA,NA,"OH",NA,NA,NA,NA,NA,NA,NA,NA,NA,NA,NA,NA,NA,NA,NA,NA,NA,82.6,"Marcia Fudge",NA,NA,NA,NA,-1.4887904270407,17.4
"TIBERI (R OH-12)","OH-12","TIBERI (R OH-12)","R",2016,NA,12,-1,112638,251266,NA,NA,"OH",NA,NA,NA,NA,NA,NA,NA,NA,NA,NA,NA,NA,NA,NA,NA,NA,NA,44.1,"Pat Tiberi",NA,NA,NA,NA,0.570156345668158,55.9
"RYAN (D OH-13)","OH-13","RYAN (D OH-13)","D",2016,NA,13,1,208610,99377,NA,NA,"OH",NA,NA,NA,NA,NA,NA,NA,NA,NA,NA,NA,NA,NA,NA,NA,NA,NA,53.4,"Tim Ryan",NA,NA,NA,NA,-0.928965696766995,46.6
"JOYCE (R OH-14)","OH-14","JOYCE (R OH-14)","R",2016,NA,14,-1,130907,219191,NA,NA,"OH",NA,NA,NA,NA,NA,NA,NA,NA,NA,NA,NA,NA,NA,NA,NA,NA,NA,44,"David Joyce",NA,NA,NA,NA,0.375981939222239,56
"STIVERS (R OH-15)","OH-15","STIVERS (R OH-15)","R",2016,NA,15,-1,113960,222847,NA,NA,"OH",NA,NA,NA,NA,NA,NA,NA,NA,NA,NA,NA,NA,NA,NA,NA,NA,NA,41.9,"Steve Stivers",NA,NA,NA,NA,0.647374426154193,58.1
"RENACCI (R OH-16)","OH-16","RENACCI (R OH-16)","R",2016,NA,16,-1,119830,225794,NA,NA,"OH",NA,NA,NA,NA,NA,NA,NA,NA,NA,NA,NA,NA,NA,NA,NA,NA,NA,41.3,"Jim Renacci",NA,NA,NA,NA,0.490150650479631,58.7
"WENSTRUP (R OH-2)","OH-2","WENSTRUP (R OH-2)","R",2016,NA,2,-1,111694,221193,NA,NA,"OH",NA,NA,NA,NA,NA,NA,NA,NA,NA,NA,NA,NA,NA,NA,NA,NA,NA,41.6,"Brad Wenstrup",NA,NA,NA,NA,0.921085678951439,58.4
"BEATTY (D OH-3)","OH-3","BEATTY (D OH-3)","D",2016,NA,3,1,199791,91560,NA,NA,"OH",NA,NA,NA,NA,NA,NA,NA,NA,NA,NA,NA,NA,NA,NA,NA,NA,NA,70.1,"Joyce Beatty",NA,NA,NA,NA,-1.13739648704733,29.9
"JORDAN (R OH-4)","OH-4","JORDAN (R OH-4)","R",2016,NA,4,-1,98981,210227,NA,NA,"OH",NA,NA,NA,NA,NA,NA,NA,NA,NA,NA,NA,NA,NA,NA,NA,NA,NA,32.3,"Jim Jordan",NA,NA,NA,NA,0.730760075754597,67.7
"LATTA (R OH-5)","OH-5","LATTA (R OH-5)","R",2016,NA,5,-1,100392,244599,NA,NA,"OH",NA,NA,NA,NA,NA,NA,NA,NA,NA,NA,NA,NA,NA,NA,NA,NA,NA,36.7,"Bob Latta",NA,NA,NA,NA,0.903709821122786,63.3
"JOHNSON (R OH-6)","OH-6","JOHNSON (R OH-6)","R",2016,NA,6,-1,88780,213975,NA,NA,"OH",NA,NA,NA,NA,NA,NA,NA,NA,NA,NA,NA,NA,NA,NA,NA,NA,NA,27.8,"Bill Johnson",NA,NA,NA,NA,0.62143089899773,72.2
"GIBBS (R OH-7)","OH-7","GIBBS (R OH-7)","R",2016,NA,7,-1,89638,198221,NA,NA,"OH",NA,NA,NA,NA,NA,NA,NA,NA,NA,NA,NA,NA,NA,NA,NA,NA,NA,34.4,"Bob Gibbs",NA,NA,NA,NA,1.01751669105387,65.6
"DAVIDSON (R OH-8)","OH-8","DAVIDSON (R OH-8)","R",2016,NA,8,-1,87794,223833,NA,NA,"OH",NA,NA,NA,NA,NA,NA,NA,NA,NA,NA,NA,NA,NA,NA,NA,NA,NA,32,"Warren Davidson",NA,NA,NA,NA,0.538146480682977,68
"KAPTUR (D OH-9)","OH-9","KAPTUR (D OH-9)","D",2016,NA,9,1,193966,88427,NA,NA,"OH",NA,NA,NA,NA,NA,NA,NA,NA,NA,NA,NA,NA,NA,NA,NA,NA,NA,61.7,"Marcy Kaptur",NA,NA,NA,NA,-0.743450761427969,38.3
"BRIDENSTINE (R OK-1)","OK-1","BRIDENSTINE (R OK-1)","R",2016,NA,1,-1,0,0,NA,NA,"OK",NA,NA,NA,NA,NA,NA,NA,NA,NA,NA,NA,NA,NA,NA,NA,NA,NA,34.8,"Jim Bridenstine",NA,NA,NA,NA,1.11508214152369,65.2
"MULLIN (R OK-2)","OK-2","MULLIN (R OK-2)","R",2016,NA,2,-1,62387,189839,NA,NA,"OK",NA,NA,NA,NA,NA,NA,NA,NA,NA,NA,NA,NA,NA,NA,NA,NA,NA,23.8,"Markwayne Mullin",NA,NA,NA,NA,0.601913773856064,76.2
"LUCAS (R OK-3)","OK-3","LUCAS (R OK-3)","R",2016,NA,3,-1,63090,227525,NA,NA,"OK",NA,NA,NA,NA,NA,NA,NA,NA,NA,NA,NA,NA,NA,NA,NA,NA,NA,22.1,"Frank Lucas",NA,NA,NA,NA,0.592133213621829,77.9
"COLE (R OK-4)","OK-4","COLE (R OK-4)","R",2016,NA,4,-1,76472,204143,NA,NA,"OK",NA,NA,NA,NA,NA,NA,NA,NA,NA,NA,NA,NA,NA,NA,NA,NA,NA,30.1,"Tom Cole",NA,NA,NA,NA,0.449293962421508,69.9
"RUSSELL (R OK-5)","OK-5","RUSSELL (R OK-5)","R",2016,NA,5,-1,103273,160184,NA,NA,"OK",NA,NA,NA,NA,NA,NA,NA,NA,NA,NA,NA,NA,NA,NA,NA,NA,NA,42.8,"Steve Russell",NA,NA,NA,NA,0.196855640833486,57.2
"BONAMICI (D OR-1)","OR-1","BONAMICI (D OR-1)","D",2016,NA,1,1,225391,139756,NA,NA,"OR",NA,NA,NA,NA,NA,NA,NA,NA,NA,NA,NA,NA,NA,NA,NA,NA,NA,62.4,"Suzanne Bonamici",NA,NA,NA,NA,-0.953346965087303,37.6
"WALDEN (R OR-2)","OR-2","WALDEN (R OR-2)","R",2016,NA,2,-1,106640,272952,NA,NA,"OR",NA,NA,NA,NA,NA,NA,NA,NA,NA,NA,NA,NA,NA,NA,NA,NA,NA,39.2,"Greg Walden",NA,NA,NA,NA,0.781895288483465,60.8
"BLUMENAUER (D OR-3)","OR-3","BLUMENAUER (D OR-3)","D",2016,NA,3,1,274687,0,NA,NA,"OR",NA,NA,NA,NA,NA,NA,NA,NA,NA,NA,NA,NA,NA,NA,NA,NA,NA,75.9,"Earl Blumenauer",NA,NA,NA,NA,-0.950347449014856,24.1
"DEFAZIO (D OR-4)","OR-4","DEFAZIO (D OR-4)","D",2016,NA,4,1,220628,157743,NA,NA,"OR",NA,NA,NA,NA,NA,NA,NA,NA,NA,NA,NA,NA,NA,NA,NA,NA,NA,50.1,"Peter DeFazio",NA,NA,NA,NA,-0.750724046147798,49.9
"SCHRADER (D OR-5)","OR-5","SCHRADER (D OR-5)","D",2016,NA,5,1,199505,160443,NA,NA,"OR",NA,NA,NA,NA,NA,NA,NA,NA,NA,NA,NA,NA,NA,NA,NA,NA,NA,52.3,"Kurt Schrader",NA,NA,NA,NA,-0.449370339287889,47.7
"BRADY (D PA-1)","PA-1","BRADY (D PA-1)","D",2016,NA,1,1,245791,53219,NA,NA,"PA",NA,NA,NA,NA,NA,NA,NA,NA,NA,NA,NA,NA,NA,NA,NA,NA,NA,81.4,"Robert Brady",NA,NA,NA,NA,-1.00759383662983,18.6
"MARINO (R PA-10)","PA-10","MARINO (R PA-10)","R",2016,NA,10,-1,89823,211282,NA,NA,"PA",NA,NA,NA,NA,NA,NA,NA,NA,NA,NA,NA,NA,NA,NA,NA,NA,NA,31.4,"Tom Marino",NA,NA,NA,NA,0.614733527509208,68.6
"BARLETTA (R PA-11)","PA-11","BARLETTA (R PA-11)","R",2016,NA,11,-1,113800,199421,NA,NA,"PA",NA,NA,NA,NA,NA,NA,NA,NA,NA,NA,NA,NA,NA,NA,NA,NA,NA,37.6,"Lou Barletta",NA,NA,NA,NA,1.1547552184157,62.4
"ROTHFUS (R PA-12)","PA-12","ROTHFUS (R PA-12)","R",2016,NA,12,-1,137353,221851,NA,NA,"PA",NA,NA,NA,NA,NA,NA,NA,NA,NA,NA,NA,NA,NA,NA,NA,NA,NA,39.2,"Keith Rothfus",NA,NA,NA,NA,1.26245063247078,60.8
"BOYLE (D PA-13)","PA-13","BOYLE (D PA-13)","D",2016,NA,13,1,239316,0,NA,NA,"PA",NA,NA,NA,NA,NA,NA,NA,NA,NA,NA,NA,NA,NA,NA,NA,NA,NA,67.3,"Brendan Boyle",NA,NA,NA,NA,-0.906059643553965,32.7
"DOYLE (D PA-14)","PA-14","DOYLE (D PA-14)","D",2016,NA,14,1,255293,87999,NA,NA,"PA",NA,NA,NA,NA,NA,NA,NA,NA,NA,NA,NA,NA,NA,NA,NA,NA,NA,68.4,"Mike Doyle",NA,NA,NA,NA,-1.11891574145497,31.6
"DENT (R PA-15)","PA-15","DENT (R PA-15)","R",2016,NA,15,-1,124129,190618,NA,NA,"PA",NA,NA,NA,NA,NA,NA,NA,NA,NA,NA,NA,NA,NA,NA,NA,NA,NA,46,"Charles Dent",NA,NA,NA,NA,0.333330448302794,54
"SMUCKER (R PA-16)","PA-16","SMUCKER (R PA-16)","R",2016,NA,16,NA,134586,168669,NA,NA,"PA",NA,NA,NA,NA,NA,NA,NA,NA,NA,NA,NA,NA,NA,NA,NA,NA,NA,46.4,"Lloyd Smucker",NA,NA,NA,NA,0.459708606615673,53.6
"CARTWRIGHT (D PA-17)","PA-17","CARTWRIGHT (D PA-17)","D",2016,NA,17,1,157734,135430,NA,NA,"PA",NA,NA,NA,NA,NA,NA,NA,NA,NA,NA,NA,NA,NA,NA,NA,NA,NA,44.8,"Matthew Cartwright",NA,NA,NA,NA,-0.773231276686448,55.2
"MURPHY (R PA-18)","PA-18","MURPHY (R PA-18)","R",2016,NA,18,-1,0,293684,NA,NA,"PA",NA,NA,NA,NA,NA,NA,NA,NA,NA,NA,NA,NA,NA,NA,NA,NA,NA,39.9,"Tim Murphy",NA,NA,NA,NA,0.733403951669872,60.1
"EVANS (D PA-2)","PA-2","EVANS (D PA-2)","D",2016,NA,2,1,322514,35131,NA,NA,"PA",NA,NA,NA,NA,NA,NA,NA,NA,NA,NA,NA,NA,NA,NA,NA,NA,NA,92.2,"Dwight Evans",NA,NA,NA,NA,-1.38054491069832,7.8
"KELLY (R PA-3)","PA-3","KELLY (R PA-3)","R",2016,NA,3,-1,0,244893,NA,NA,"PA",NA,NA,NA,NA,NA,NA,NA,NA,NA,NA,NA,NA,NA,NA,NA,NA,NA,36.4,"Mike Kelly",NA,NA,NA,NA,1.64208517765122,63.6
"PERRY (R PA-4)","PA-4","PERRY (R PA-4)","R",2016,NA,4,-1,113372,220628,NA,NA,"PA",NA,NA,NA,NA,NA,NA,NA,NA,NA,NA,NA,NA,NA,NA,NA,NA,NA,38.8,"Scott Perry",NA,NA,NA,NA,0.61098278968325,61.2
"THOMPSON (R PA-5)","PA-5","THOMPSON (R PA-5)","R",2016,NA,5,-1,101082,206751,NA,NA,"PA",NA,NA,NA,NA,NA,NA,NA,NA,NA,NA,NA,NA,NA,NA,NA,NA,NA,35,"Glenn Thompson",NA,NA,NA,NA,0.64854674163954,65
"COSTELLO (R PA-6)","PA-6","COSTELLO (R PA-6)","R",2016,NA,6,-1,153632,206414,NA,NA,"PA",NA,NA,NA,NA,NA,NA,NA,NA,NA,NA,NA,NA,NA,NA,NA,NA,NA,50.3,"Ryan Costello",NA,NA,NA,NA,0.33079825055539,49.7
"MEEHAN (R PA-7)","PA-7","MEEHAN (R PA-7)","R",2016,NA,7,-1,153824,225678,NA,NA,"PA",NA,NA,NA,NA,NA,NA,NA,NA,NA,NA,NA,NA,NA,NA,NA,NA,NA,51.2,"Patrick Meehan",NA,NA,NA,NA,0.304291432904871,48.8
"FITZPATRICK (R PA-8)","PA-8","FITZPATRICK (R PA-8)","R",2016,NA,8,NA,173555,207469,NA,NA,"PA",NA,NA,NA,NA,NA,NA,NA,NA,NA,NA,NA,NA,NA,NA,NA,NA,NA,49.9,"Brian Fitzpatrick",NA,NA,NA,NA,0.187737751951036,50.1
"SHUSTER (R PA-9)","PA-9","SHUSTER (R PA-9)","R",2016,NA,9,-1,107985,186580,NA,NA,"PA",NA,NA,NA,NA,NA,NA,NA,NA,NA,NA,NA,NA,NA,NA,NA,NA,NA,28.1,"Bill Shuster",NA,NA,NA,NA,1.06180547069333,71.9
"CICILLINE (D RI-1)","RI-1","CICILLINE (D RI-1)","D",2016,NA,1,1,130534,71023,NA,NA,"RI",NA,NA,NA,NA,NA,NA,NA,NA,NA,NA,NA,NA,NA,NA,NA,NA,NA,63.4,"David Cicilline",NA,NA,NA,NA,-1.21364329979512,36.6
"LANGEVIN (D RI-2)","RI-2","LANGEVIN (D RI-2)","D",2016,NA,2,1,133108,70301,NA,NA,"RI",NA,NA,NA,NA,NA,NA,NA,NA,NA,NA,NA,NA,NA,NA,NA,NA,NA,53.7,"Jim Langevin",NA,NA,NA,NA,-1.06181071699492,46.3
"SANFORD (R SC-1)","SC-1","SANFORD (R SC-1)","R",2016,NA,1,-1,119779,190410,NA,NA,"SC",NA,NA,NA,NA,NA,NA,NA,NA,NA,NA,NA,NA,NA,NA,NA,NA,NA,43,"Mark Sanford",NA,NA,NA,NA,0.32626489297201,57
"WILSON (R SC-2)","SC-2","WILSON (R SC-2)","R",2016,NA,2,-1,109452,183746,NA,NA,"SC",NA,NA,NA,NA,NA,NA,NA,NA,NA,NA,NA,NA,NA,NA,NA,NA,NA,40.7,"Joe Wilson",NA,NA,NA,NA,1.06711080396033,59.3
"DUNCAN (R SC-3)","SC-3","DUNCAN (R SC-3)","R",2016,NA,3,-1,72933,196325,NA,NA,"SC",NA,NA,NA,NA,NA,NA,NA,NA,NA,NA,NA,NA,NA,NA,NA,NA,NA,30.2,"Jeff Duncan",NA,NA,NA,NA,1.63379671363417,69.8
"GOWDY (R SC-4)","SC-4","GOWDY (R SC-4)","R",2016,NA,4,-1,91676,198648,NA,NA,"SC",NA,NA,NA,NA,NA,NA,NA,NA,NA,NA,NA,NA,NA,NA,NA,NA,NA,36.4,"Trey Gowdy",NA,NA,NA,NA,0.899469800323324,63.6
"MULVANEY (R SC-5)","SC-5","MULVANEY (R SC-5)","R",2016,NA,5,-1,105772,161669,NA,NA,"SC",NA,NA,NA,NA,NA,NA,NA,NA,NA,NA,NA,NA,NA,NA,NA,NA,NA,40.4,"Mick Mulvaney",NA,NA,NA,NA,0.635426970237932,59.6
"NORMAN (R SC-5)","SC-5","NORMAN (R SC-5)","R",2016,NA,5,-1,105772,161669,NA,NA,"SC",NA,NA,NA,NA,NA,NA,NA,NA,NA,NA,NA,NA,NA,NA,NA,NA,NA,40.4,"Mick Mulvaney",NA,NA,NA,NA,1.04252615023895,59.6
"CLYBURN (D SC-6)","SC-6","CLYBURN (D SC-6)","D",2016,NA,6,1,177947,70099,NA,NA,"SC",NA,NA,NA,NA,NA,NA,NA,NA,NA,NA,NA,NA,NA,NA,NA,NA,NA,68.8,"Jim Clyburn",NA,NA,NA,NA,-1.95651711461814,31.2
"RICE (R SC-7)","SC-7","RICE (R SC-7)","R",2016,NA,7,-1,112744,176468,NA,NA,"SC",NA,NA,NA,NA,NA,NA,NA,NA,NA,NA,NA,NA,NA,NA,NA,NA,NA,40.3,"Tom Rice",NA,NA,NA,NA,1.12103789265057,59.7
"NOEM (R SD-1)","SD-1","NOEM (R SD-1)","R",2016,NA,1,-1,132810,237163,NA,NA,"SD",NA,NA,NA,NA,NA,NA,NA,NA,NA,NA,NA,NA,NA,NA,NA,NA,NA,34,"Kristi Noem",NA,NA,NA,NA,0.85915086080083,66
"ROE (R TN-1)","TN-1","ROE (R TN-1)","R",2016,NA,1,-1,39024,198293,NA,NA,"TN",NA,NA,NA,NA,NA,NA,NA,NA,NA,NA,NA,NA,NA,NA,NA,NA,NA,20.4,"Phil Roe",NA,NA,NA,NA,0.926362896035132,79.6
"DUNCAN (R TN-2)","TN-2","DUNCAN (R TN-2)","R",2016,NA,2,-1,68401,212455,NA,NA,"TN",NA,NA,NA,NA,NA,NA,NA,NA,NA,NA,NA,NA,NA,NA,NA,NA,NA,31.3,"John Duncan",NA,NA,NA,NA,0.248457650233908,68.7
"FLEISCHMANN (R TN-3)","TN-3","FLEISCHMANN (R TN-3)","R",2016,NA,3,-1,76727,176613,NA,NA,"TN",NA,NA,NA,NA,NA,NA,NA,NA,NA,NA,NA,NA,NA,NA,NA,NA,NA,31.6,"Chuck Fleischmann",NA,NA,NA,NA,1.52655407778989,68.4
"DESJARLAIS (R TN-4)","TN-4","DESJARLAIS (R TN-4)","R",2016,NA,4,-1,89141,165796,NA,NA,"TN",NA,NA,NA,NA,NA,NA,NA,NA,NA,NA,NA,NA,NA,NA,NA,NA,NA,28.5,"Scott DesJarlais",NA,NA,NA,NA,2.09547137488426,71.5
"COOPER (D TN-5)","TN-5","COOPER (D TN-5)","D",2016,NA,5,1,171111,102433,NA,NA,"TN",NA,NA,NA,NA,NA,NA,NA,NA,NA,NA,NA,NA,NA,NA,NA,NA,NA,59.7,"Jim Cooper",NA,NA,NA,NA,-0.49859815593228,40.3
"BLACK (R TN-6)","TN-6","BLACK (R TN-6)","R",2016,NA,6,-1,61995,202234,NA,NA,"TN",NA,NA,NA,NA,NA,NA,NA,NA,NA,NA,NA,NA,NA,NA,NA,NA,NA,24.6,"Diane Black",NA,NA,NA,NA,1.03297478644519,75.4
"BLACKBURN (R TN-7)","TN-7","BLACKBURN (R TN-7)","R",2016,NA,7,-1,65226,200407,NA,NA,"TN",NA,NA,NA,NA,NA,NA,NA,NA,NA,NA,NA,NA,NA,NA,NA,NA,NA,29.5,"Marsha Blackburn",NA,NA,NA,NA,0.971344701472733,70.5
"KUSTOFF (R TN-8)","TN-8","KUSTOFF (R TN-8)","R",2016,NA,8,NA,70925,194386,NA,NA,"TN",NA,NA,NA,NA,NA,NA,NA,NA,NA,NA,NA,NA,NA,NA,NA,NA,NA,31.6,"David Kustoff",NA,NA,NA,NA,0.50995800301853,68.4
"COHEN (D TN-9)","TN-9","COHEN (D TN-9)","D",2016,NA,9,1,171631,41123,NA,NA,"TN",NA,NA,NA,NA,NA,NA,NA,NA,NA,NA,NA,NA,NA,NA,NA,NA,NA,79.7,"Steve Cohen",NA,NA,NA,NA,-0.951030786269428,20.3
"GOHMERT (R TX-1)","TX-1","GOHMERT (R TX-1)","R",2016,NA,1,-1,62847,192434,NA,NA,"TX",NA,NA,NA,NA,NA,NA,NA,NA,NA,NA,NA,NA,NA,NA,NA,NA,NA,25.9,"Louie Gohmert",NA,NA,NA,NA,0.406602033453411,74.1
"MCCAUL (R TX-10)","TX-10","MCCAUL (R TX-10)","R",2016,NA,10,-1,120170,179221,NA,NA,"TX",NA,NA,NA,NA,NA,NA,NA,NA,NA,NA,NA,NA,NA,NA,NA,NA,NA,45.2,"Michael McCaul",NA,NA,NA,NA,0.797833201487163,54.8
"CONAWAY (R TX-11)","TX-11","CONAWAY (R TX-11)","R",2016,NA,11,-1,0,201871,NA,NA,"TX",NA,NA,NA,NA,NA,NA,NA,NA,NA,NA,NA,NA,NA,NA,NA,NA,NA,19.7,"Mike Conaway",NA,NA,NA,NA,0.68446826230477,80.3
"GRANGER (R TX-12)","TX-12","GRANGER (R TX-12)","R",2016,NA,12,-1,76029,196482,NA,NA,"TX",NA,NA,NA,NA,NA,NA,NA,NA,NA,NA,NA,NA,NA,NA,NA,NA,NA,34.2,"Kay Granger",NA,NA,NA,NA,1.12926581065458,65.8
"THORNBERRY (R TX-13)","TX-13","THORNBERRY (R TX-13)","R",2016,NA,13,-1,0,199050,NA,NA,"TX",NA,NA,NA,NA,NA,NA,NA,NA,NA,NA,NA,NA,NA,NA,NA,NA,NA,17.5,"Mac Thornberry",NA,NA,NA,NA,0.983843969120678,82.5
"WEBER (R TX-14)","TX-14","WEBER (R TX-14)","R",2016,NA,14,-1,99054,160631,NA,NA,"TX",NA,NA,NA,NA,NA,NA,NA,NA,NA,NA,NA,NA,NA,NA,NA,NA,NA,39.8,"Randy Weber",NA,NA,NA,NA,0.901129234469578,60.2
"GONZALEZ (D TX-15)","TX-15","GONZALEZ (D TX-15)","D",2016,NA,15,NA,101712,66877,NA,NA,"TX",NA,NA,NA,NA,NA,NA,NA,NA,NA,NA,NA,NA,NA,NA,NA,NA,NA,58.6,"Vicente Gonzalez",NA,NA,NA,NA,-0.620918431555674,41.4
"O'ROURKE (D TX-16)","TX-16","O'ROURKE (D TX-16)","D",2016,NA,16,1,150228,0,NA,NA,"TX",NA,NA,NA,NA,NA,NA,NA,NA,NA,NA,NA,NA,NA,NA,NA,NA,NA,71.4,"Beto O'Rourke",NA,NA,NA,NA,-0.668377876280139,28.6
"FLORES (R TX-17)","TX-17","FLORES (R TX-17)","R",2016,NA,17,-1,86603,149417,NA,NA,"TX",NA,NA,NA,NA,NA,NA,NA,NA,NA,NA,NA,NA,NA,NA,NA,NA,NA,40.8,"Bill Flores",NA,NA,NA,NA,0.702460039112876,59.2
"JACKSON (D TX-18)","TX-18","JACKSON (D TX-18)","D",2016,NA,18,1,150157,48306,NA,NA,"TX",NA,NA,NA,NA,NA,NA,NA,NA,NA,NA,NA,NA,NA,NA,NA,NA,NA,79.3,"Sheila Jackson Lee",NA,NA,NA,NA,-1.03518396084065,20.7
"ARRINGTON (R TX-19)","TX-19","ARRINGTON (R TX-19)","R",2016,NA,19,-1,0,176314,NA,NA,"TX",NA,NA,NA,NA,NA,NA,NA,NA,NA,NA,NA,NA,NA,NA,NA,NA,NA,24.5,"Jodey Arrington",NA,NA,NA,NA,1.30369825796928,75.5
"POE (R TX-2)","TX-2","POE (R TX-2)","R",2016,NA,2,-1,100231,168692,NA,NA,"TX",NA,NA,NA,NA,NA,NA,NA,NA,NA,NA,NA,NA,NA,NA,NA,NA,NA,45.1,"Ted Poe",NA,NA,NA,NA,0.354278252581715,54.9
"CASTRO (D TX-20)","TX-20","CASTRO (D TX-20)","D",2016,NA,20,1,149640,0,NA,NA,"TX",NA,NA,NA,NA,NA,NA,NA,NA,NA,NA,NA,NA,NA,NA,NA,NA,NA,64,"Joaquin Castro",NA,NA,NA,NA,-0.944710664755817,36
"SMITH (R TX-21)","TX-21","SMITH (R TX-21)","R",2016,NA,21,-1,129765,202967,NA,NA,"TX",NA,NA,NA,NA,NA,NA,NA,NA,NA,NA,NA,NA,NA,NA,NA,NA,NA,44.7,"Lamar Smith",NA,NA,NA,NA,1.15455527806403,55.3
"OLSON (R TX-22)","TX-22","OLSON (R TX-22)","R",2016,NA,22,-1,123679,181864,NA,NA,"TX",NA,NA,NA,NA,NA,NA,NA,NA,NA,NA,NA,NA,NA,NA,NA,NA,NA,45.9,"Pete Olson",NA,NA,NA,NA,1.25039825840056,54.1
"HURD (R TX-23)","TX-23","HURD (R TX-23)","R",2016,NA,23,-1,107526,110577,NA,NA,"TX",NA,NA,NA,NA,NA,NA,NA,NA,NA,NA,NA,NA,NA,NA,NA,NA,NA,51.8,"Will Hurd",NA,NA,NA,NA,0.439871469902162,48.2
"MARCHANT (R TX-24)","TX-24","MARCHANT (R TX-24)","R",2016,NA,24,-1,108389,154845,NA,NA,"TX",NA,NA,NA,NA,NA,NA,NA,NA,NA,NA,NA,NA,NA,NA,NA,NA,NA,46.7,"Kenny Marchant",NA,NA,NA,NA,0.57829108671311,53.3
"WILLIAMS (R TX-25)","TX-25","WILLIAMS (R TX-25)","R",2016,NA,25,-1,117073,180988,NA,NA,"TX",NA,NA,NA,NA,NA,NA,NA,NA,NA,NA,NA,NA,NA,NA,NA,NA,NA,42.2,"Roger Williams",NA,NA,NA,NA,1.74761012717194,57.8
"BURGESS (R TX-26)","TX-26","BURGESS (R TX-26)","R",2016,NA,26,-1,94507,211730,NA,NA,"TX",NA,NA,NA,NA,NA,NA,NA,NA,NA,NA,NA,NA,NA,NA,NA,NA,NA,36.1,"Michael Burgess",NA,NA,NA,NA,0.828164465711096,63.9
"FARENTHOLD (R TX-27)","TX-27","FARENTHOLD (R TX-27)","R",2016,NA,27,-1,88329,142251,NA,NA,"TX",NA,NA,NA,NA,NA,NA,NA,NA,NA,NA,NA,NA,NA,NA,NA,NA,NA,37.8,"Blake Farenthold",NA,NA,NA,NA,1.19101338548731,62.2
"CUELLAR (D TX-28)","TX-28","CUELLAR (D TX-28)","D",2016,NA,28,1,122086,57740,NA,NA,"TX",NA,NA,NA,NA,NA,NA,NA,NA,NA,NA,NA,NA,NA,NA,NA,NA,NA,60.2,"Henry Cuellar",NA,NA,NA,NA,-0.368549230103525,39.8
"GREEN (D TX-29)","TX-29","GREEN (D TX-29)","D",2016,NA,29,1,95649,31646,NA,NA,"TX",NA,NA,NA,NA,NA,NA,NA,NA,NA,NA,NA,NA,NA,NA,NA,NA,NA,73.7,"Gene Green",NA,NA,NA,NA,-0.639781238823778,26.3
"JOHNSON (R TX-3)","TX-3","JOHNSON (R TX-3)","R",2016,NA,3,-1,109420,193684,NA,NA,"TX",NA,NA,NA,NA,NA,NA,NA,NA,NA,NA,NA,NA,NA,NA,NA,NA,NA,42.6,"Sam Johnson",NA,NA,NA,NA,1.39912159068422,57.4
"JOHNSON (D TX-30)","TX-30","JOHNSON (D TX-30)","D",2016,NA,30,1,170502,31518,NA,NA,"TX",NA,NA,NA,NA,NA,NA,NA,NA,NA,NA,NA,NA,NA,NA,NA,NA,NA,81.2,"Eddie Bernice Johnson",NA,NA,NA,NA,-1.2594294872264,18.8
"CARTER (R TX-31)","TX-31","CARTER (R TX-31)","R",2016,NA,31,-1,103852,166060,NA,NA,"TX",NA,NA,NA,NA,NA,NA,NA,NA,NA,NA,NA,NA,NA,NA,NA,NA,NA,43.3,"John Carter",NA,NA,NA,NA,1.25384145073305,56.7
"SESSIONS (R TX-32)","TX-32","SESSIONS (R TX-32)","R",2016,NA,32,-1,0,162868,NA,NA,"TX",NA,NA,NA,NA,NA,NA,NA,NA,NA,NA,NA,NA,NA,NA,NA,NA,NA,51,"Pete Sessions",NA,NA,NA,NA,1.47028496189873,49
"VEASEY (D TX-33)","TX-33","VEASEY (D TX-33)","D",2016,NA,33,1,93147,33222,NA,NA,"TX",NA,NA,NA,NA,NA,NA,NA,NA,NA,NA,NA,NA,NA,NA,NA,NA,NA,75.5,"Marc Veasey",NA,NA,NA,NA,-1.02603164536028,24.5
"VELA (D TX-34)","TX-34","VELA (D TX-34)","D",2016,NA,34,1,104638,62323,NA,NA,"TX",NA,NA,NA,NA,NA,NA,NA,NA,NA,NA,NA,NA,NA,NA,NA,NA,NA,61.1,"Filemon Vela",NA,NA,NA,NA,-0.614722110810494,38.9
"DOGGETT (D TX-35)","TX-35","DOGGETT (D TX-35)","D",2016,NA,35,1,124612,62384,NA,NA,"TX",NA,NA,NA,NA,NA,NA,NA,NA,NA,NA,NA,NA,NA,NA,NA,NA,NA,67.8,"Lloyd Doggett",NA,NA,NA,NA,-1.08896151154198,32.2
"BABIN (R TX-36)","TX-36","BABIN (R TX-36)","R",2016,NA,36,-1,0,193675,NA,NA,"TX",NA,NA,NA,NA,NA,NA,NA,NA,NA,NA,NA,NA,NA,NA,NA,NA,NA,25.9,"Brian Babin",NA,NA,NA,NA,0.918048604398159,74.1
"RATCLIFFE (R TX-4)","TX-4","RATCLIFFE (R TX-4)","R",2016,NA,4,-1,0,216643,NA,NA,"TX",NA,NA,NA,NA,NA,NA,NA,NA,NA,NA,NA,NA,NA,NA,NA,NA,NA,22.4,"John Ratcliffe",NA,NA,NA,NA,0.733540031535099,77.6
"HENSARLING (R TX-5)","TX-5","HENSARLING (R TX-5)","R",2016,NA,5,-1,0,155469,NA,NA,"TX",NA,NA,NA,NA,NA,NA,NA,NA,NA,NA,NA,NA,NA,NA,NA,NA,NA,35.4,"Jeb Hensarling",NA,NA,NA,NA,0.968045755591648,64.6
"BARTON (R TX-6)","TX-6","BARTON (R TX-6)","R",2016,NA,6,-1,106667,159444,NA,NA,"TX",NA,NA,NA,NA,NA,NA,NA,NA,NA,NA,NA,NA,NA,NA,NA,NA,NA,43.6,"Joe Barton",NA,NA,NA,NA,1.42719978165957,56.4
"CULBERSON (R TX-7)","TX-7","CULBERSON (R TX-7)","R",2016,NA,7,-1,111991,143542,NA,NA,"TX",NA,NA,NA,NA,NA,NA,NA,NA,NA,NA,NA,NA,NA,NA,NA,NA,NA,50.7,"John Culberson",NA,NA,NA,NA,1.00617700115944,49.3
"BRADY (R TX-8)","TX-8","BRADY (R TX-8)","R",2016,NA,8,-1,0,236379,NA,NA,"TX",NA,NA,NA,NA,NA,NA,NA,NA,NA,NA,NA,NA,NA,NA,NA,NA,NA,24.7,"Kevin Brady",NA,NA,NA,NA,1.24481017734275,75.3
"GREEN (D TX-9)","TX-9","GREEN (D TX-9)","D",2016,NA,9,1,152032,36491,NA,NA,"TX",NA,NA,NA,NA,NA,NA,NA,NA,NA,NA,NA,NA,NA,NA,NA,NA,NA,81.5,"Al Green",NA,NA,NA,NA,-0.997110453707413,18.5
"BISHOP (R UT-1)","UT-1","BISHOP (R UT-1)","R",2016,NA,1,-1,73381,182928,NA,NA,"UT",NA,NA,NA,NA,NA,NA,NA,NA,NA,NA,NA,NA,NA,NA,NA,NA,NA,31.1,"Rob Bishop",NA,NA,NA,NA,1.42232294351849,68.9
"STEWART (R UT-2)","UT-2","STEWART (R UT-2)","R",2016,NA,2,-1,93780,170542,NA,NA,"UT",NA,NA,NA,NA,NA,NA,NA,NA,NA,NA,NA,NA,NA,NA,NA,NA,NA,41,"Chris Stewart",NA,NA,NA,NA,1.4002663459163,59
"CHAFFETZ (R UT-3)","UT-3","CHAFFETZ (R UT-3)","R",2016,NA,3,-1,75716,209589,NA,NA,"UT",NA,NA,NA,NA,NA,NA,NA,NA,NA,NA,NA,NA,NA,NA,NA,NA,NA,33,"Jason Chaffetz",NA,NA,NA,NA,0.87546117287518,67
"LOVE (R UT-4)","UT-4","LOVE (R UT-4)","R",2016,NA,4,-1,113413,147597,NA,NA,"UT",NA,NA,NA,NA,NA,NA,NA,NA,NA,NA,NA,NA,NA,NA,NA,NA,NA,45.3,"Mia Love",NA,NA,NA,NA,0.90138635233322,54.7
"WITTMAN (R VA-1)","VA-1","WITTMAN (R VA-1)","R",2016,NA,1,-1,140785,230213,NA,NA,"VA",NA,NA,NA,NA,NA,NA,NA,NA,NA,NA,NA,NA,NA,NA,NA,NA,NA,43.5,"Rob Wittman",NA,NA,NA,NA,0.928537148779365,56.5
"COMSTOCK (R VA-10)","VA-10","COMSTOCK (R VA-10)","R",2016,NA,10,-1,187712,210791,NA,NA,"VA",NA,NA,NA,NA,NA,NA,NA,NA,NA,NA,NA,NA,NA,NA,NA,NA,NA,55.3,"Barbara Comstock",NA,NA,NA,NA,0.560833466428033,44.7
"CONNOLLY (D VA-11)","VA-11","CONNOLLY (D VA-11)","D",2016,NA,11,1,247818,0,NA,NA,"VA",NA,NA,NA,NA,NA,NA,NA,NA,NA,NA,NA,NA,NA,NA,NA,NA,NA,70.9,"Gerry Connolly",NA,NA,NA,NA,-0.818170648054239,29.1
"TAYLOR (R VA-2)","VA-2","TAYLOR (R VA-2)","R",2016,NA,2,0,119440,190475,NA,NA,"VA",NA,NA,NA,NA,NA,NA,NA,NA,NA,NA,NA,NA,NA,NA,NA,NA,NA,48.2,"Scott Taylor",NA,NA,NA,NA,0.918260371393979,51.8
"SCOTT (D VA-3)","VA-3","SCOTT (D VA-3)","D",2016,NA,3,1,208337,103289,NA,NA,"VA",NA,NA,NA,NA,NA,NA,NA,NA,NA,NA,NA,NA,NA,NA,NA,NA,NA,66.6,"Bobby Scott",NA,NA,NA,NA,-1.05725898596528,33.4
"MCEACHIN (D VA-4)","VA-4","MCEACHIN (D VA-4)","D",2016,NA,4,0,200136,145731,NA,NA,"VA",NA,NA,NA,NA,NA,NA,NA,NA,NA,NA,NA,NA,NA,NA,NA,NA,NA,61.3,"Don McEachin",NA,NA,NA,NA,-1.32254947470641,38.7
"GARRETT (R VA-5)","VA-5","GARRETT (R VA-5)","R",2016,NA,5,-1,148339,207758,NA,NA,"VA",NA,NA,NA,NA,NA,NA,NA,NA,NA,NA,NA,NA,NA,NA,NA,NA,NA,44.2,"Tom Garrett",NA,NA,NA,NA,0.535739691980429,55.8
"GOODLATTE (R VA-6)","VA-6","GOODLATTE (R VA-6)","R",2016,NA,6,-1,112170,225471,NA,NA,"VA",NA,NA,NA,NA,NA,NA,NA,NA,NA,NA,NA,NA,NA,NA,NA,NA,NA,36.9,"Bob Goodlatte",NA,NA,NA,NA,1.00735285879188,63.1
"BRAT (R VA-7)","VA-7","BRAT (R VA-7)","R",2016,NA,7,-1,160159,218057,NA,NA,"VA",NA,NA,NA,NA,NA,NA,NA,NA,NA,NA,NA,NA,NA,NA,NA,NA,NA,46.6,"Dave Brat",NA,NA,NA,NA,1.55873569861519,53.4
"BEYER (D VA-8)","VA-8","BEYER (D VA-8)","D",2016,NA,8,1,246653,98387,NA,NA,"VA",NA,NA,NA,NA,NA,NA,NA,NA,NA,NA,NA,NA,NA,NA,NA,NA,NA,77.9,"Don Beyer",NA,NA,NA,NA,-0.982602468864583,22.1
"GRIFFITH (R VA-9)","VA-9","GRIFFITH (R VA-9)","R",2016,NA,9,-1,87877,212838,NA,NA,"VA",NA,NA,NA,NA,NA,NA,NA,NA,NA,NA,NA,NA,NA,NA,NA,NA,NA,28.4,"Morgan Griffith",NA,NA,NA,NA,0.278085820322186,71.6
"WELCH (D VT-1)","VT-1","WELCH (D VT-1)","D",2016,NA,1,1,264414,0,NA,NA,"VT",NA,NA,NA,NA,NA,NA,NA,NA,NA,NA,NA,NA,NA,NA,NA,NA,NA,65.2,"Peter Welch",NA,NA,NA,NA,-1.00112815348177,34.8
"DELBENE (D WA-1)","WA-1","DELBENE (D WA-1)","D",2016,NA,1,1,193619,155779,NA,NA,"WA",NA,NA,NA,NA,NA,NA,NA,NA,NA,NA,NA,NA,NA,NA,NA,NA,NA,58.9,"Suzan DelBene",NA,NA,NA,NA,-0.809459408125619,41.1
"HECK (D WA-10)","WA-10","HECK (D WA-10)","D",2016,NA,10,1,170460,120104,NA,NA,"WA",NA,NA,NA,NA,NA,NA,NA,NA,NA,NA,NA,NA,NA,NA,NA,NA,NA,56.2,"Denny Heck",NA,NA,NA,NA,-0.815916044633084,43.8
"LARSEN (D WA-2)","WA-2","LARSEN (D WA-2)","D",2016,NA,2,1,208314,117094,NA,NA,"WA",NA,NA,NA,NA,NA,NA,NA,NA,NA,NA,NA,NA,NA,NA,NA,NA,NA,62.1,"Rick Larsen",NA,NA,NA,NA,-0.937140385938372,37.9
"HERRERA (R WA-3)","WA-3","HERRERA (R WA-3)","R",2016,NA,3,-1,119820,193457,NA,NA,"WA",NA,NA,NA,NA,NA,NA,NA,NA,NA,NA,NA,NA,NA,NA,NA,NA,NA,46,"Jaime Herrera Beutler",NA,NA,NA,NA,0.362755121594692,54
"NEWHOUSE (R WA-4)","WA-4","NEWHOUSE (R WA-4)","R",2016,NA,4,-1,0,229919,NA,NA,"WA",NA,NA,NA,NA,NA,NA,NA,NA,NA,NA,NA,NA,NA,NA,NA,NA,NA,37.7,"Dan Newhouse",NA,NA,NA,NA,0.998196973212592,62.3
"MCMORRIS (R WA-5)","WA-5","MCMORRIS (R WA-5)","R",2016,NA,5,-1,130575,192959,NA,NA,"WA",NA,NA,NA,NA,NA,NA,NA,NA,NA,NA,NA,NA,NA,NA,NA,NA,NA,42.8,"Cathy McMorris Rodgers",NA,NA,NA,NA,1.12371923524001,57.2
"KILMER (D WA-6)","WA-6","KILMER (D WA-6)","D",2016,NA,6,1,201718,126116,NA,NA,"WA",NA,NA,NA,NA,NA,NA,NA,NA,NA,NA,NA,NA,NA,NA,NA,NA,NA,56.7,"Derek Kilmer",NA,NA,NA,NA,-0.755741588357989,43.3
"JAYAPAL (D WA-7)","WA-7","JAYAPAL (D WA-7)","D",2016,NA,7,NA,378754,0,NA,NA,"WA",NA,NA,NA,NA,NA,NA,NA,NA,NA,NA,NA,NA,NA,NA,NA,NA,NA,87.1,"Pramila Jayapal",NA,NA,NA,NA,-2.25454664355303,12.9
"REICHERT (R WA-8)","WA-8","REICHERT (R WA-8)","R",2016,NA,8,-1,127720,193145,NA,NA,"WA",NA,NA,NA,NA,NA,NA,NA,NA,NA,NA,NA,NA,NA,NA,NA,NA,NA,51.6,"Dave Reichert",NA,NA,NA,NA,0.35413595066045,48.4
"SMITH (D WA-9)","WA-9","SMITH (D WA-9)","D",2016,NA,9,1,205165,76317,NA,NA,"WA",NA,NA,NA,NA,NA,NA,NA,NA,NA,NA,NA,NA,NA,NA,NA,NA,NA,75.2,"Adam Smith",NA,NA,NA,NA,-1.26018151688338,24.8
"POCAN (D WI-2)","WI-2","POCAN (D WI-2)","D",2016,NA,2,1,273537,124044,NA,NA,"WI",NA,NA,NA,NA,NA,NA,NA,NA,NA,NA,NA,NA,NA,NA,NA,NA,NA,69.4,"Mark Pocan",NA,NA,NA,NA,-1.36035426838967,30.6
"KIND (D WI-3)","WI-3","KIND (D WI-3)","D",2016,NA,3,1,257401,0,NA,NA,"WI",NA,NA,NA,NA,NA,NA,NA,NA,NA,NA,NA,NA,NA,NA,NA,NA,NA,47.6,"Ron Kind",NA,NA,NA,NA,-0.549679981318669,52.4
"MOORE (D WI-4)","WI-4","MOORE (D WI-4)","D",2016,NA,4,1,220181,0,NA,NA,"WI",NA,NA,NA,NA,NA,NA,NA,NA,NA,NA,NA,NA,NA,NA,NA,NA,NA,77.2,"Gwen Moore",NA,NA,NA,NA,-1.58538023534531,22.8
"SENSENBRENN (R WI-5)","WI-5","SENSENBRENN (R WI-5)","R",2016,NA,5,-1,114477,260706,NA,NA,"WI",NA,NA,NA,NA,NA,NA,NA,NA,NA,NA,NA,NA,NA,NA,NA,NA,NA,39.4,"Jim Sensenbrenner",NA,NA,NA,NA,1.28799709422382,60.6
"GROTHMAN (R WI-6)","WI-6","GROTHMAN (R WI-6)","R",2016,NA,6,-1,133072,204147,NA,NA,"WI",NA,NA,NA,NA,NA,NA,NA,NA,NA,NA,NA,NA,NA,NA,NA,NA,NA,41.1,"Glenn Grothman",NA,NA,NA,NA,0.517706009891341,58.9
"DUFFY (R WI-7)","WI-7","DUFFY (R WI-7)","R",2016,NA,7,-1,138643,223418,NA,NA,"WI",NA,NA,NA,NA,NA,NA,NA,NA,NA,NA,NA,NA,NA,NA,NA,NA,NA,39.2,"Sean Duffy",NA,NA,NA,NA,0.837490862935022,60.8
"GALLAGHER (R WI-8)","WI-8","GALLAGHER (R WI-8)","R",2016,NA,8,NA,135682,227892,NA,NA,"WI",NA,NA,NA,NA,NA,NA,NA,NA,NA,NA,NA,NA,NA,NA,NA,NA,NA,40.7,"Mike Gallagher",NA,NA,NA,NA,0.588809916843836,59.3
"MCKINLEY (R WV-1)","WV-1","MCKINLEY (R WV-1)","R",2016,NA,1,-1,73534,163469,NA,NA,"WV",NA,NA,NA,NA,NA,NA,NA,NA,NA,NA,NA,NA,NA,NA,NA,NA,NA,28,"David McKinley",NA,NA,NA,NA,0.307053113844265,72
"MOONEY (R WV-2)","WV-2","MOONEY (R WV-2)","R",2016,NA,2,-1,101207,140807,NA,NA,"WV",NA,NA,NA,NA,NA,NA,NA,NA,NA,NA,NA,NA,NA,NA,NA,NA,NA,30.9,"Alex Mooney",NA,NA,NA,NA,0.510976999298243,69.1
"JENKINS (R WV-3)","WV-3","JENKINS (R WV-3)","R",2016,NA,3,-1,49708,140741,NA,NA,"WV",NA,NA,NA,NA,NA,NA,NA,NA,NA,NA,NA,NA,NA,NA,NA,NA,NA,24.3,"Evan Jenkins",NA,NA,NA,NA,0.424127040643151,75.7
"CHENEY (R WY-1)","WY-1","CHENEY (R WY-1)","R",2016,NA,1,NA,75466,156176,NA,NA,"WY",NA,NA,NA,NA,NA,NA,NA,NA,NA,NA,NA,NA,NA,NA,NA,NA,NA,24.3,"Liz Cheney",NA,NA,NA,NA,1.28776209247189,75.7
